出版社,発売日,シリーズ名・書名,著者,予価,
秋田書店,8,少年チャンピオン・コミックス,はらぺこ銀河（上）,魚乃目三太,726,
秋田書店,8,少年チャンピオン・コミックス,魔入りました！入間くん　公式ファンブック　悪魔学校バビルス入学案内,西修／週刊少年チャンピオン編集部,1200,
秋田書店,8,少年チャンピオン・コミックス,魔入りました！入間くん（31）,西修,561,
秋田書店,8,少年チャンピオン・コミックス,魔界の主役は我々だ！（13）,津田沼篤／西修ほか,561,
秋田書店,8,少年チャンピオン・コミックス,SHY（18）,実樹ぶきみ,550,
秋田書店,8,少年チャンピオン・コミックス,ヤンキーJKクズハナちゃん（15）,宗我部としのり,550,
秋田書店,8,少年チャンピオン・コミックス,蟻の王（16）,塚脇永久／伊藤龍,550,
秋田書店,8,少年チャンピオン・コミックス,僕の心のヤバイやつ（８）,桜井のりお,528,
秋田書店,8,少年チャンピオン・コミックス,ハリガネサービス外伝ヒュドラブレイク（３）,荒達哉,550,
秋田書店,8,少年チャンピオン・コミックス,ハリガネサービスACE（21）,荒達哉,550,
秋田書店,8,少年チャンピオン・コミックス,バキ外伝　ガイアとシコルスキー　～ときどきノムラ　二人だけど三人暮らし～（１）,板垣恵介／林たかあき,693,
秋田書店,8,少年チャンピオン・コミックス,バキ外伝　烈海王は異世界転生しても一向にかまわんッッ（７）,板垣恵介／猪原賽ほか,693,
秋田書店,8,少年チャンピオン・コミックス,ハイパーハードボイルドグルメリポート新視覚版（１）,山本真太朗／上出遼平,858,
秋田書店,8,少年チャンピオン・コミックス,マグロと下半身（１）,うすはる,792,
秋田書店,8,少年チャンピオン・コミックス,メイカさんは押しころせない（11）,佐藤ショーキ,726,
秋田書店,8,少年チャンピオン・コミックス,ババンババンバンバンパイア（４）,奥嶋ひろまさ,726,
秋田書店,8,少年チャンピオン・コミックス,きみのご冥福なんていのらない（５）（完）,松尾あき,726,
秋田書店,8,少年チャンピオン・コミックス・エクストラ,WORST外伝　グリコ（21）,髙橋ヒロシ／鈴木リュータ,726,
秋田書店,16,A.L.C.DX,ナースのチカラ　～私たちにできること　訪問看護物語～（10）,広田奈都美,825,
秋田書店,16,A.L.C.DX,いのちの器（90）,上原きみ子,650,
秋田書店,16,A.L.C.DX,居るのはつらいよ　ケアとセラピーについての覚書（２）,東畑開人／いぬゐのこ,748,
秋田書店,16,A.L.C.DX,木曜日のシェフレラ　スクールカウンセラー五加木純架（１）,大澄剛,748,
秋田書店,16,MIU恋愛MAXCOMICS,今夜も夫を裏切ってます　～性の道具は年下隠れイケメン～（２）,克本かさね,748,
秋田書店,16,MIU恋愛MAXCOMICS,服従するならドクズな貴方に,秋元奈美,748,
秋田書店,16,プリンセス・コミックス,時をかけるスケバン刑事（３）,和田慎二／室長サオリ,693,
秋田書店,16,プリンセス・コミックス,Re：スケバン刑事（４）,和田慎二／福井あしび,693,
秋田書店,16,プリンセス・コミックス,スケバン刑事Pretend（３）,和田慎二／猪原賽ほか,726,
秋田書店,16,プリンセス・コミックス,茉莉花官吏伝　～後宮女官、気まぐれ皇帝に見初められ～（７）,石田リンネ／高瀬わか,693,
秋田書店,16,プリンセス・コミックス,僕らの千年と君が死ぬまでの30日間（３）,ｎａｋｅｄ　ａｐｅ／僕らの千年プロジェクト,693,
秋田書店,16,プリンセス・コミックス,君の歌声にキスを（４）（完）,薫原好江,748,
秋田書店,16,プリンセス・コミックス,アナトミア　―解剖してわかったことだが、人間は必ず死ぬようにできている―（１）,高城玲,693,
秋田書店,16,プリンセス・コミックス　プチプリ,転生聖女と神官はまだ愛を知らない（１）,貝原しじみ,700,
秋田書店,16,プリンセス・コミックス　プチプリ,僭越ながら、皇帝（候補）を教育します　ただし、後宮入りはいたしません（１）,秋月志緒／霜月星良,693,
秋田書店,16,ボニータ・コミックス,クジラの子らは砂上に歌う（23）（完）,梅田阿比,550,
秋田書店,16,ボニータ・コミックス,天上恋歌　～金の皇女と火の薬師～（７）,青木朋,693,
秋田書店,20,チャンピオンREDコミックス,フランケン・ふらん　Frantic（７）,木々津克久,726,
秋田書店,20,チャンピオンREDコミックス,絢爛たるグランドセーヌ（22）,Ｃｕｖｉｅ,726,
秋田書店,20,チャンピオンREDコミックス,僕の生徒はオトナギャル（３）,生駒陽,693,
秋田書店,20,チャンピオンREDコミックス,うそつきキツネの恋噺（３）（完）,めぷちん☆,693,
秋田書店,20,チャンピオンREDコミックス,悪魔学校にかよう落ちこぼれ最強聖女がこの世の正義を全否定（４）,サイトウケンジ／垣野内成美,726,
秋田書店,20,チャンピオンREDコミックス,異世界の姫との恋バクチに、人類の存亡がかかってます（２）,河本ほむら／ズズ,726,
秋田書店,20,ヤングチャンピオン・コミックス,孤狼の血　LEVEL2（３）（完）,常石爾來也／柚月裕子ほか,748,
秋田書店,20,ヤングチャンピオン・コミックス,QP 我妻涼～Desperado～（15）,髙橋ヒロシ／今村ＫＳＫほか,693,
秋田書店,20,ヤングチャンピオン・コミックス,カレシがいるのに（７）,柚木Ｎ’,660,
秋田書店,20,ヤングチャンピオン・コミックス,シリアルキラーランド（３）,小池ノクト,726,
秋田書店,20,ヤングチャンピオン・コミックス,デメキン（32）,ゆうはじめ／佐田正樹,726,
秋田書店,20,ヤングチャンピオン・コミックス,優駿の門　ムンク（３）,やまさき拓味,990,
秋田書店,20,ヤングチャンピオン・コミックス,異世界NTR～親友のオンナを最強スキルで堕とす方法～（４）,五里蘭堂／佐藤健悦,748,
秋田書店,20,ヤングチャンピオン・コミックス,去る者は日々に疎し（５）,葉月京／折笠りょこ,726,
秋田書店,20,ヤングチャンピオン・コミックス,劣等紋の超越ヒーラー　～無敵の回復魔法で頼れる仲間と無双する～（４）（完）,蒼月浩二／坂本憲司郎,693,
秋田書店,20,ヤングチャンピオン・コミックス,転生無敗の異世界賢者　～ゲームのジョブで楽しいセカンドライフ～（１）,蒼月浩二／黒龍眼ほか,726,
秋田書店,20,ヤングチャンピオン・コミックス,攻撃力極振りの最強魔術師　～筋力値9999の大剣士、転生して二度目の人生を歩む～（３）,友橋かめつ／ねこのゆーまほか,693,
秋田書店,20,ヤングチャンピオン・コミックス,最凶の魔王に鍛えられた勇者、異世界帰還者たちの学園で無双する（１）,紺野千昭／岩葉ほか,748,
秋田書店,20,ヤングチャンピオン・コミックス,追放されるたびにスキルを手に入れた俺が、100の異世界で2周目無双（１）,日之浦拓／仁森島司ほか,748,
秋田書店,20,ヤングチャンピオン・コミックス,片田舎のおっさん、剣聖になる　～ただの田舎の剣術師範だったのに、大成した弟子たちが俺を放ってくれない件～（３）,佐賀崎しげる／鍋島テツヒロほか,726,
秋田書店,20,ヤングチャンピオン烈コミックス,優等生と秘密のお仕事（８）,あずまゆき,693,
秋田書店,20,ヤングチャンピオン烈コミックス,お姉ちゃんはゲームをすると人が変わるお姉ちゃん（２）,ルーツ／むにゅう,693,
KADOKAWA,1,B’s-LOG COMICS,プロットからやり直せ（１）,つごもり,737,
KADOKAWA,1,B’s-LOG COMICS,役立たずと言われたので、わたしの家は独立します！（３）,黒野ユウ／遠野九重ほか,737,
KADOKAWA,1,B’s-LOG COMICS,生き残り錬金術師は街で静かに暮らしたい　～輪環の魔法薬～（２）,小原彩／のの原兎太ほか,737,
KADOKAWA,1,B’s-LOG COMICS,異世界の沙汰は社畜次第（４）,采和輝／八月八ほか,737,
KADOKAWA,1,B’s-LOG COMICS,女王オフィーリアよ、己の死の謎を解け（１）,練間エリ／石田リンネほか,737,
KADOKAWA,1,アライブ＋,クラスで2番目に可愛い女の子と友だちになった（１）,尾野凛／たかたほか,715,
KADOKAWA,1,アライブ＋,酔っぱらい盗賊、奴隷の少女を買う（１）,幾弥なごみ／新巻へもんほか,715,
KADOKAWA,1,アライブ＋,エルフが現代にいたら,琴か,792,
KADOKAWA,1,アライブ＋,呉志ワジンデン（１）,藤村勇太,748,
KADOKAWA,1,単行本コミックス,魔王は仙境学園で恋をする（１）,岩田洋季／路一心ほか,1320,
KADOKAWA,1,単行本コミックス,君は世界で一番美しい色（１）,Ｇｏｌｏ　Ｚｈａｏ,1320,
KADOKAWA,1,単行本コミックス,君は世界で一番美しい色（２）,Ｇｏｌｏ　Ｚｈａｏ,1320,
KADOKAWA,2,単行本コミックス,Mint Love（ミントラブ）　―薄荷之夏―（１）,火禾,1034,
KADOKAWA,3,ヒューコミックス,願いを叶えてくれない魔人（１）,ナラボン,715,
KADOKAWA,3,ヒューコミックス,ELDEN RING 黄金樹への道（２）,飛田ニキイチ／ＥＬＤＥＮ　ＲＩＮＧ（株式会社フロム・ソフトウェア）,未定,
KADOKAWA,3,ヒューコミックス,空手バカ異世界（４）,Ｄ．Ｐ／輝井永澄ほか,715,
KADOKAWA,3,ヒューコミックス,盤上の向日葵（１）,雨群／柚月裕子,748,
KADOKAWA,3,ヒューコミックス,異世界帰りの勇者は、ダンジョンが出現した現実世界で、インフルエンサーになって金を稼ぎます！（１）,大崎ペコ丸／Ｙ．Ａほか,715,
KADOKAWA,3,ヒューコミックス,孤狼の血（３）,小林こー／柚月裕子,748,
KADOKAWA,3,フロース　コミック,アデライド（４）,ＳＵＨＯ／Ｃｈａｅ　Ｈａｂｉｎ,1078,
KADOKAWA,3,フロース　コミック,外科医エリーゼ（８）,ｍｉｎｉ／ｙｕｉｎ,1078,
KADOKAWA,3,フロース　コミック,捨てられた皇妃（10）,ｉＮＡ／Ｙｕｎａ,1078,
KADOKAWA,3,フロース　コミック,ロイヤル・シンデレラ・ママ　天涯孤独の没落令嬢は冷徹皇帝に溺愛される（２）,ｈｉｒｏ者／すずね凜ほか,715,
KADOKAWA,3,フロース　コミック,公爵家のメイドに憑依しました（５）,Ａｌｏｈａ／Ｊｏｏａｈｒｉ,1078,
KADOKAWA,3,フロース　コミック,ある継母のメルヘン（４）,ＯＲＫＡ／Ｓｐｉｃｅ＆Ｋｉｔｔｙ,1078,
KADOKAWA,3,フロース　コミック,皇帝と女騎士（３）,Ｔｅａｍ　ＩＹＡＫ（ｗｉｎｔｅｒ・ｈｅｙｕｍ）／Ｇ．Ｍ,1078,
KADOKAWA,3,フロース　コミック,108回殺された悪役令嬢（４）　すべてを思い出したので、乙女はルビーでキセキします,鳥生ちのり／なまくらほか,715,
KADOKAWA,3,角川コミックス・エース,ロックマンちゃん（２）,河田雄志／行徒ほか,726,
KADOKAWA,3,角川コミックス・エース,ロックマンさん（２）,河田雄志／行徒ほか,726,
KADOKAWA,3,角川コミックス・エース,野球場でいただきます（３）,出内テツオ,726,
KADOKAWA,3,角川コミックス・エース,ひぐらしのなく頃に　巡（３）,竜騎士０７／赤瀬とまと,726,
KADOKAWA,3,角川コミックス・エース,ロード・エルメロイII世の事件簿（10）,東冬／三田誠／ＴＹＰＥ－ＭＯＯＮほか,726,
KADOKAWA,3,角川コミックス・エース・エクストラ,Fate/Grand Order 藤丸立香はわからない（３）,槌田／ＴＹＰＥ－ＭＯＯＮ,946,
KADOKAWA,3,単行本コミックス,MORRIS ～つのがはえた猫の冒険～（下）,カメントツ／ひなたかほりほか,946,
KADOKAWA,3,単行本コミックス,CLAMP PREMIUM COLLECTION X（２）,ＣＬＡＭＰ,770,
KADOKAWA,3,単行本コミックス,CLAMP PREMIUM COLLECTION X（３）,ＣＬＡＭＰ,770,
KADOKAWA,6,ヴァンプコミックス,セックス・ファンタジー（３）,ｍａｃｏ／鏡遊ほか,未定,
KADOKAWA,6,ヴァンプコミックス,Uterus of the Blackgoat 黒山羊の仔袋（１）,春輝／ＮＩＴＲＯ　ＯＲＩＧＩＮほか,未定,
KADOKAWA,8,BRIDGE COMICS,わたしの処女をもらってもらったその後。（１）,ぴらにあ。／高岡未来,未定,
KADOKAWA,8,BRIDGE COMICS,平安とりかえ物語（２）　居眠り姫と凶相の皇子,大島幸也／山本風碧ほか,未定,
KADOKAWA,8,BRIDGE COMICS,暁花薬殿物語（５）,霜月星良／佐々木禎子ほか,未定,
KADOKAWA,8,BRIDGE COMICS,神辺先生の当直ごはん（３）,ちんねん／能一ニェ,未定,
KADOKAWA,8,BRIDGE COMICS,ガーディアン・オブ・ザ・デッド（１）,八幡しゃけ,未定,
KADOKAWA,8,BRIDGE COMICS,百鬼夜行とご縁組　あやかしホテルの契約夫婦（２）,深田華央／マサト真希ほか,未定,
KADOKAWA,8,BRIDGE COMICS,ラストサマー・バケーション（上）,東洋トタン,未定,
KADOKAWA,8,BRIDGE COMICS,夕暮れのあなたは、少し首をかしげて（２）,宇仁田ゆみ,未定,
KADOKAWA,8,BRIDGE COMICS,ただいま、ハニー　～彼女と僕の、秘密の2%～（１）,水埜なつ／Ｍｏｍｏ,未定,
KADOKAWA,8,BRIDGE COMICS,ただいま、ハニー　～彼女と僕の、秘密の2%～（２）,水埜なつ／Ｍｏｍｏ,未定,
KADOKAWA,8,BRIDGE COMICS,結婚独身貴族（１）,村田モト／朝比奈夕菜,未定,
KADOKAWA,8,BRIDGE COMICS,結婚独身貴族（２）,村田モト／朝比奈夕菜,未定,
KADOKAWA,8,BRIDGE COMICS,DETROIT：BECOME HUMAN ―TOKYO STORIES―（１）,墨田モト／猿渡かざみほか,未定,
KADOKAWA,8,単行本コミックス,アズールレーン　スマイルディッシュ！（２）,ｎｅｏｎ．／「アズールレーン」運営,未定,
KADOKAWA,8,単行本コミックス,SHIROBAKO（４）,やとみ／藤田里奈ほか,未定,
KADOKAWA,9,ドラゴンコミックスエイジ,また殺されてしまったのですね、探偵様（１）,てにをは／いなばほか,未定,
KADOKAWA,9,ドラゴンコミックスエイジ,黒猫ニャンゴの冒険（１）　レア属性を引き当てたので、気ままな冒険者を目指します,佐藤夕子／篠浦知螺ほか,未定,
KADOKAWA,9,ドラゴンコミックスエイジ,「美人でお金持ちの彼女が欲しい」と言ったら、ワケあり女子がやってきた件。（１）,白鷺六羽／小宮地千々ほか,未定,
KADOKAWA,9,ドラゴンコミックスエイジ,限界ダンジョンの繁殖事情（１）,文屋リヱ,未定,
KADOKAWA,9,ドラゴンコミックスエイジ,デスマーチからはじまる異世界狂想曲（15）,あやめぐむ／愛七ひろほか,未定,
KADOKAWA,9,ドラゴンコミックスエイジ,デスマーチからはじまる異世界幸腹曲（２）,つむみ／愛七ひろほか,未定,
KADOKAWA,9,ドラゴンコミックスエイジ,放課後の迷宮冒険者（１）　～日本と異世界を行き来できるようになった僕はレベルアップに勤しみます～,あび／樋辻臥命ほか,未定,
KADOKAWA,9,ドラゴンコミックスエイジ,妹が推しすぎる！（２）,稲葉白,未定,
KADOKAWA,9,ドラゴンコミックスエイジ,今世は五縁がありますように！（１）,ゆきの,未定,
KADOKAWA,9,ドラゴンコミックスエイジ,社会人が築く亜人ハーレム　糖度200％のエッチなラブコメをあなたに（２）,サイトウミチ／高橋徹ほか,未定,
KADOKAWA,9,ドラゴンコミックスエイジ,宇崎ちゃんは遊びたい！（10）,丈,未定,
KADOKAWA,9,ドラゴンコミックスエイジ,レジェンド（14）,たかの雅治／神無月紅ほか,未定,
KADOKAWA,10,100％コミックス,ファイブスター物語（17）,永野護,1430,
KADOKAWA,10,ビームコミックス,真MoMo太郎伝説（１）,偉流センイチ,未定,
KADOKAWA,10,ビームコミックス,真MoMo太郎伝説（２）,偉流センイチ,未定,
KADOKAWA,10,ビームコミックス,ミューズの真髄（３）,文野紋,未定,
KADOKAWA,10,ビームコミックス,にゃこと博士,空次郎,未定,
KADOKAWA,10,ビームコミックス,アラタの獣（４）,羽生生純／本兌有ほか,未定,
KADOKAWA,10,ビームコミックス,ダニッチの怪（１）　ラヴクラフト傑作集,田辺剛,未定,
KADOKAWA,10,ビームコミックス,ダニッチの怪（２）　ラヴクラフト傑作集,田辺剛,未定,
KADOKAWA,10,角川コミックス・エース,異世界建国記（８）,ＫＯＩＺＵＭＩ／桜木桜ほか,未定,
KADOKAWA,10,角川コミックス・エース,少女型兵器は家族になりたい（２）,ななてる,726,
KADOKAWA,10,角川コミックス・エース,合鍵くんと幸せごはん（４）,黒麦はぢめ,726,
KADOKAWA,10,角川コミックス・エース,こえる大峠さん（１）,根雪れい,704,
KADOKAWA,10,角川コミックス・エース,ニッターズハイ！（３）,猫田ゆかり,未定,
KADOKAWA,10,角川コミックス・エース,両親の借金を肩代わりしてもらう条件は日本一可愛い女子高生と一緒に暮らすことでした。（１）,美月めいあ／雨音恵ほか,726,
KADOKAWA,10,角川コミックス・エース,陰キャでヲタクで貧乏だけど美人お嬢様に推されてます（１）,源素水／美月りんほか,726,
KADOKAWA,10,角川コミックス・エース,しゃしゃごもり（２）,さわむらリョウ,726,
KADOKAWA,10,角川コミックス・エース,カレとカノジョの選択（５）,緒原博綺,726,
KADOKAWA,10,角川コミックス・エース,Fate/Grand Order フロム　ロストベルト（４）,ＴＹＰＥ－ＭＯＯＮ／中谷,未定,
KADOKAWA,10,角川コミックス・エース,招かれざる神女（１）,雨咲はな／有馬ツカサほか,未定,
KADOKAWA,10,角川コミックス・エース,あすにひとふで！（１）,矢神うた／葛原昏,726,
KADOKAWA,10,角川コミックス・エース,少女怪異紀行（１）,牧野康平／枢木縁,未定,
KADOKAWA,10,単行本コミックス,鍋に弾丸を受けながら（３）,青木潤太朗／森山慎,924,
KADOKAWA,10,電撃コミックスNEXT,ソードアート・オンライン　Re:Aincrad（２）,樹深／佐藤ミトほか,未定,
KADOKAWA,10,電撃コミックスNEXT,男女の友情は成立する？（いや、しないっ！！）（２）,七菜なな／Ｋａｍｅｌｉｅほか,未定,
KADOKAWA,10,電撃コミックスNEXT,魔法科高校の優等生　2nd Season（３）,佐島勤／おだまさるほか,未定,
KADOKAWA,14,MFC,プロ奢ラレヤー　～働かずに生きるコツ～（１）,萬田ひろし／プロ奢ラレヤー,未定,
KADOKAWA,14,MFC,ひろゆき、異世界でも論破で無双します（２）,高菜八期／はたしま卯月ほか,未定,
KADOKAWA,14,MFC,メゾン・ド・レインボー（１）,榎屋克優／レインボー,未定,
KADOKAWA,15,B’s-LOVEY COMICS,愛想が尽きない,ばせう,未定,
KADOKAWA,15,B’s-LOVEY COMICS,恋する彼のシークレット・チャンネル,茶柱ぷぅ,未定,
KADOKAWA,15,B’s-LOVEY COMICS,リップラインはキスでみだして,ゴロイチ,未定,
KADOKAWA,15,ジーンLINE,201号室のおとなりさん（１）,日向きょう,693,
KADOKAWA,15,ハルタコミックス,ハルタ　2023-MARCH volume 102,ハルタ編集部,未定,
KADOKAWA,15,ハルタコミックス,アビスアジュールの罪人（３）,冨明仁,未定,
KADOKAWA,15,ハルタコミックス,夜の名前を呼んで（４）,三星たま,未定,
KADOKAWA,17,Pomme Comics,未亡人アンネの閨の手ほどき（１）,秋芳あめり／和泉和歌ほか,未定,
KADOKAWA,17,フルールコミックス,偏りがある愛なので,しちみや,未定,
KADOKAWA,17,フルールコミックス,やさぐれ男は恋に惑う,赤根晴,未定,
KADOKAWA,17,フルールコミックス,俺の先生は甘えたがり,わり子,未定,
KADOKAWA,17,フルールコミックス,僕の番は猫紳士　横濱子育て編,アサナエアラタ,未定,
KADOKAWA,17,フルールコミックス,ただの友達じゃなくなる瞬間,なつきゆか,未定,
KADOKAWA,17,フルールコミックス,メンズ地下アイドルは過酷すぎる,紫ネル,未定,
KADOKAWA,17,フロース　コミック,元・傾国の美女とフラグクラッシャー王太子（３）　転生しても処刑エンドが回避できません！？,吾田なぐさ／瑠美るみ子ほか,未定,
KADOKAWA,17,フロース　コミック,転生令嬢は冒険者を志す（４）,櫻太助／小田ヒロほか,未定,
KADOKAWA,17,フロース　コミック,冷酷皇帝は人質王女を溺愛中（１）　なぜかぬいぐるみになって抱かれています,あのねノネ／奏舞音ほか,未定,
KADOKAWA,17,フロース　コミック,魔王様にパフェを作ったら喜ばれました（５）,要龍,未定,
KADOKAWA,17,フロース　コミック,呪われ聖女、暴君皇帝の愛猫になる（１）　溺愛されるのがお仕事って全力で逃げたいんですが？,群青街／小蔦あおい,未定,
KADOKAWA,17,フロース　コミック,復讐の皇后（７）,Ｋｉｍ　Ｓｏ　Ｈｙｕｎ／ＭＵＳＯ,未定,
KADOKAWA,17,フロース　コミック,復讐の皇后（８）,Ｋｉｍ　Ｓｏ　Ｈｙｕｎ／ＭＵＳＯ,未定,
KADOKAWA,17,フロース　コミック,大獣公とユニコニスの乙女（２）,杉町のこ／柚原テイル,未定,
KADOKAWA,17,フロース　コミック,黒狼王と白銀の贄姫　辺境の地で最愛を得る,白木苺／高岡未来ほか,未定,
KADOKAWA,17,フロース　コミック,転生義経は静かに暮らしたい（１）,彩綺いろは／田井ノエルほか,715,
KADOKAWA,17,フロース　コミック,脇役令嬢に転生しましたがシナリオ通りにはいかせません！（３）,屋形／柏てんほか,715,
KADOKAWA,17,フロース　コミック,転生後宮伝～孤独な姫は皇帝の愛執に溺れる～（２）,ザネリ／晴日青,未定,
KADOKAWA,17,フロース　コミック,百花娘々奮闘記～残念公主は天龍と花の夢を見る～（２）,朱子弘清／高井うしお,未定,
KADOKAWA,17,フロース　コミック,婚約破棄の悪意は娼館からお返しします（３）,うもう／皐月めい,未定,
KADOKAWA,17,フロース　コミック,竜王サマ、この結婚はなかったことにしてください！（１）,未定／葛城阿高ほか,未定,
KADOKAWA,17,フロース　コミック,残念系悪役令嬢は3年後に破滅するようです（１）,志水しゅな／丸井とまと,未定,
KADOKAWA,17,フロース　コミック,残念系悪役令嬢は3年後に破滅するようです（２）,志水しゅな／丸井とまと,未定,
KADOKAWA,17,フロース　コミック,残念系悪役令嬢は3年後に破滅するようです（３）,志水しゅな／丸井とまと,未定,
KADOKAWA,22,シルフコミックス,彼女と彼の関係（１）　～平凡な早川さんと平凡な三浦くんの非凡な関係～,宇佐見よし／六つ花えいこほか,未定,
KADOKAWA,22,シルフコミックス,ふつつかな父娘ではありますが　アンコール！,長神,未定,
KADOKAWA,22,単行本コミックス,この世界の攻略本を拾ってしまいました（１）,アッチあい,未定,
KADOKAWA,23,MFC,きょうのようじょ,未定,未定,
KADOKAWA,23,MFC,シロとくじら（２）,ｔｕｎｒａｌ,未定,
KADOKAWA,23,MFC,異世界闘牌記（２）,カガミツキ／和多乃原かぼれん,未定,
KADOKAWA,23,MFC,JC、殺人鬼やめました（２）,洋介犬,990,
KADOKAWA,23,MFC,異世界ランジェリーショップ（１）,岡まだち／今井真椎,未定,
KADOKAWA,23,MFC,異世界ランジェリーショップ（２）,岡まだち／今井真椎,未定,
KADOKAWA,23,MFC,植物モンスター娘日記　～聖女だった私が裏切られた果てにアルラウネに転生してしまったので、これからは光合成をしながら静かに植物ライフを過ごします～（３）,ぐう／水無瀬ほか,未定,
KADOKAWA,23,MFC,魔法使いマナと叡痴の扉（３）,ｈｏｉｈｏｉ,未定,
KADOKAWA,23,MFC,ホームレス転生（９）　～異世界で自由すぎる自給自足生活～,久遠まこと／徳川レモンほか,未定,
KADOKAWA,23,MFC,塔の管理をしてみよう（16）,盧恩＆雪笠（Ｆｒｉｅｎｄｌｙ　Ｌａｎｄ）／早秋ほか,未定,
KADOKAWA,23,MFC,槍の勇者のやり直し（11）,にぃと／アネコユサギほか,未定,
KADOKAWA,23,MFC,完全回避ヒーラーの軌跡（８）,倭ヒナ／ぷにちゃんほか,未定,
KADOKAWA,23,MFC,成長チートでなんでもできるようになったが、無職だけは辞められないようです（18）,橋本良太／時野洋輔ほか,未定,
KADOKAWA,23,MFC,宝くじで40億当たったんだけど異世界に移住する（13）,今井ムジイ／すずの木くろほか,未定,
KADOKAWA,23,MFC,俺だけレベルアップな件（11）,ＤＵＢＵ（ＲＥＤＩＣＥ　ＳＴＵＤＩＯ）／Ｃｈｕｇｏｎｇ,未定,
KADOKAWA,23,MFC,俺だけレベルアップな件（12）,ＤＵＢＵ（ＲＥＤＩＣＥ　ＳＴＵＤＩＯ）／Ｃｈｕｇｏｎｇ,未定,
KADOKAWA,23,MFC,性別不明な中性僕っ子とお姉さん,つみきつき,未定,
KADOKAWA,23,MFC,リメイク・リライフ　30歳になると自由に性別と身体を作り直せる世界の話,あぬ,未定,
KADOKAWA,23,MFC,目つき悪い子かわいい子（３）,ハミタ,未定,
KADOKAWA,23,MFC,くたびれ中年と星詠みの少女　「加護なし」と笑われたオッサンですが、実は最強の魔導具使いでした,未定／二八乃端月ほか,未定,
KADOKAWA,23,MFC,リコリス・リコイル　公式コミックアンソロジー　リピート（２）,Ｓｐｉｄｅｒ　Ｌｉｌｙ,未定,
KADOKAWA,23,MFC,リコリス・リコイル　リコレクト（１）,阿部かなり／Ｓｐｉｄｅｒ　Ｌｉｌｙ,未定,
KADOKAWA,23,MFC,異世界おじさん（９）,殆ど死んでいる,未定,
KADOKAWA,23,MFコミックス　アライブシリーズ,Dead by Daylight 公式アンソロジー,未定,715,
KADOKAWA,23,MFコミックス　アライブシリーズ,乙女怪獣キャラメリゼ（７）,蒼木スピカ,671,
KADOKAWA,23,MFコミックス　アライブシリーズ,世界の終わりの世界録（10）,雨水龍／細音啓ほか,671,
KADOKAWA,23,MFコミックス　アライブシリーズ,戦闘員、派遣します！（10）,鬼麻正明／暁なつめほか,671,
KADOKAWA,23,MFコミックス　アライブシリーズ,幼なじみが絶対に負けないラブコメ（６）,井冬良／二丸修一ほか,671,
KADOKAWA,23,MFコミックス　アライブシリーズ,幼なじみが絶対に負けないラブコメ　お隣の四姉妹が絶対にほのぼのする日常（３）,葵季むつみ／二丸修一ほか,671,
KADOKAWA,23,MFコミックス　アライブシリーズ,神童勇者とメイドおねえさん（５）,上杉響士郎／望公太ほか,671,
KADOKAWA,23,MFコミックス　フラッパーシリーズ,僕の妻は感情がない（６）,杉浦次郎,704,
KADOKAWA,23,MFコミックス　フラッパーシリーズ,日替わりウィッグの桂さん,渡りに船,704,
KADOKAWA,24,あすかコミックスDX,男子高生の拝み屋修行（１）,桜屋えん,未定,
KADOKAWA,24,あすかコミックスDX,男子高生の拝み屋修行（２）,桜屋えん,未定,
KADOKAWA,24,あすかコミックスDX,エイタパ・ニーチ協奏曲,あべまりな,未定,
KADOKAWA,25,角川コミックス・エース,FPSの友達とリアルで会う漫画,ちくわ。,未定,
KADOKAWA,25,角川コミックス・エース,異世界はスマートフォンとともに。（13）,そと／冬原パトラほか,未定,
KADOKAWA,25,角川コミックス・エース,幼女戦記（27）,東條チカ／カルロ・ゼンほか,未定,
KADOKAWA,25,角川コミックス・エース,オーバーロード（18）,深山フギン／大塩哲史ほか,未定,
KADOKAWA,25,角川コミックス・エース,オーバーロード　不死者のOh！（11）,じゅうあみ／丸山くがねほか,未定,
KADOKAWA,25,角川コミックス・エース,シャバの「普通」は難しい（７）,ばたこ／中村颯希ほか,未定,
KADOKAWA,25,角川コミックス・エース,Fate/Apocrypha（14）,石田あきら／東出祐一郎ほか,未定,
KADOKAWA,25,角川コミックス・エース,俺の妹がこんなに可愛いわけがない　あやせif（３）,伏見つかさ／渡会けいじほか,未定,
KADOKAWA,25,角川コミックス・エース,治癒魔法の間違った使い方　～戦場を駆ける回復要員～（12）,九我山レキ／くろかたほか,未定,
KADOKAWA,25,角川コミックス・エース,隣の宇宙人がコワい（２）,阿東里枝,未定,
KADOKAWA,25,角川コミックス・エース,人外教室の人間嫌い教師　ヒトマ先生、私たちに人間を教えてくれますか……？（１）,来栖夏芽／泉彩ほか,704,
KADOKAWA,25,角川コミックス・エース,まいまいまいごえん（２）,株式会社サンリオ／鍋谷やかん,未定,
KADOKAWA,25,角川コミックス・エース,聖剣学院の魔剣使い（６）,蛍幻飛鳥／志瑞祐ほか,未定,
KADOKAWA,25,角川コミックス・エース,すべての人類を破壊する。それらは再生できない。（12）,横田卓馬／伊瀬勝良,未定,
KADOKAWA,25,角川コミックス・エース,機動戦士ムーンガンダム（11）,福井晴敏／虎哉孝征ほか,未定,
KADOKAWA,25,角川コミックス・エース,機動戦士ガンダムNT（10）,福井晴敏／大森倖三ほか,未定,
KADOKAWA,25,角川コミックス・エース,機動戦士ガンダムMSV‐Rジョニー・ライデンの帰還（25）,Ａｒｋ　Ｐｅｒｆｏｒｍａｎｃｅ／大河原邦男ほか,未定,
KADOKAWA,25,角川コミックス・エース,機動戦士ガンダム0083 REBELLION（18）,夏元雅人／矢立肇ほか,未定,
KADOKAWA,25,角川コミックス・エース,機動戦士Zガンダム　Define シャア・アズナブル　赤の分水嶺（19）,北爪宏幸／矢立肇ほか,748,
KADOKAWA,25,角川コミックス・エース,HGに恋するふたり（６）,工藤マコト／矢立肇ほか,未定,
KADOKAWA,25,角川コミックス・エース,一億年ボタンを連打した俺は、気付いたら最強になっていた　～落第剣士の学院無双～（５）,月島秀一／士土幽太郎ほか,未定,
KADOKAWA,25,角川コミックス・エース,Fate/Grand Order ―Epic of Remnant―　亜種特異点I 悪性隔絶魔境　新宿　新宿幻霊事件（４）,佐々木少年／ＴＹＰＥ－ＭＯＯＮ,未定,
KADOKAWA,25,角川コミックス・エース,異世界食堂　洋食のねこや（４）,犬塚惇平／ヤミザワほか,未定,
KADOKAWA,25,角川コミックス・エース,ギャルと女騎士（１）,石井たくま,未定,
KADOKAWA,25,角川コミックス・エース,知的でクールな後輩美女、俺の飼い猫になる（１）,木虎こん／猪野志士ほか,未定,
KADOKAWA,25,単行本コミックス,東方酔蝶華　～ロータスイーター達の酔醒（５）,ＺＵＮ／水炊き,未定,
KADOKAWA,25,単行本コミックス,す～ぱ～ラジカルガールず　さかたはるき4コマ劇場,未定,未定,
KADOKAWA,25,電撃コミックスNEXT,雪解けとアガパンサス（１）,なうち,未定,
KADOKAWA,25,電撃コミックスNEXT,神の庭付き楠木邸（２）,安斎アキラ／えんじゅほか,未定,
KADOKAWA,25,電撃コミックスNEXT,姉の親友、私の恋人。（３）,藤松盟,未定,
KADOKAWA,25,電撃コミックスNEXT,魔法科高校の劣等生　エスケープ編（１）,佐島勤／柚木Ｎ’ほか,未定,
KADOKAWA,25,電撃コミックスNEXT,自動販売機に生まれ変わった俺は迷宮を彷徨う（２）,九二枝／昼熊ほか,未定,
KADOKAWA,25,電撃コミックスNEXT,兄と妹のしたいしたいしたいコト（２）,葉乃はるか,未定,
KADOKAWA,25,電撃コミックスNEXT,嫌われ皇子のやりなおし　～辺境で【闇魔法】を極めて、最強の眷属と理想の王国を作ります～（１）,苗原一／阿部花次郎ほか,未定,
KADOKAWA,25,電撃コミックスNEXT,かまって新卒ちゃんが毎回誘ってくる（１）,凪木エコ／未定ほか,未定,
KADOKAWA,25,電撃コミックスNEXT,女鍛冶師はお人好しギルドに拾われました～新天地でがんばる鍛冶師生活～（２）,日之影ソラ／みつなり都ほか,未定,
KADOKAWA,25,電撃コミックスNEXT,この世はガマンが多すぎる！（１）,御眼鏡,未定,
KADOKAWA,25,電撃コミックスNEXT,死神に育てられた少女は漆黒の剣を胸に抱く（６）,松風水蓮／彩峰舞人ほか,未定,
KADOKAWA,27,MFC,お菊さんはいちゃ憑きたい（２）,結野ちり,未定,
KADOKAWA,27,MFC,異世界で手に入れた生産スキルは最強だったようです。　～創造＆器用のWチートで無双する～（６）,満月シオン／遠野九重ほか,未定,
KADOKAWA,27,MFC,100日後に咲く百合,ムロマキ,未定,
KADOKAWA,27,MFC キューンシリーズ,ケイヤクシマイ（２）,ヒジキ,未定,
KADOKAWA,27,MFC キューンシリーズ,夢見るメイドのティータイム（１）,みやしろ,未定,
KADOKAWA,27,MFC キューンシリーズ,俺の友達♂♀が可愛すぎて困る！（７）,春夏冬アタル／太田顕喜,未定,
KADOKAWA,27,MFC ジーンピクシブシリーズ,君には届かない。（７）,みか,未定,
KADOKAWA,27,MFコミックス　アライブシリーズ,偽聖女クソオブザイヤー（１）　理想の聖女？　残念、偽聖女でした！,えかきびと／壁首領大公ほか,未定,
KADOKAWA,27,MFコミックス　アライブシリーズ,ソラさまは満たされたい！（１）,炎堂たつや,未定,
KADOKAWA,27,MFコミックス　ジーンシリーズ,ピエタとトランジ（１）,キスガエ／藤野可織,693,
KADOKAWA,27,MFコミックス　ジーンシリーズ,八百万しんせん食堂,伊戸川チェル,693,
KADOKAWA,27,単行本コミックス,男子校の生態,未定,未定,
KADOKAWA,27,単行本コミックス,ミファンダ～毎日がオフサイド～,ブルーレガース／抹茶オーレほか,未定,
KADOKAWA,27,単行本コミックス,なぎと短編集　隣の家の女装男子,なぎと,未定,
KADOKAWA,27,電撃コミックス／とある魔術の禁書目録外伝,とある科学の超電磁砲（18）,鎌池和馬／冬川基ほか,未定,
KADOKAWA,27,電撃コミックスEX,ニートくノ一となぜか同棲はじめました（３）,小龍／八木戸マト,未定,
KADOKAWA,27,電撃コミックスNEXT,ちびっこ賢者、Lv.1から異世界でがんばります！（５）,みさき樹里／彩戸ゆめほか,未定,
KADOKAWA,27,電撃コミックスNEXT,外れスキル「影が薄い」を持つギルド職員が、実は伝説の暗殺者（６）,荒木風羽／ケンノジほか,未定,
KADOKAWA,27,電撃コミックスNEXT,転生王女と天才令嬢の魔法革命（５）,南高春告／鴉ぴえろほか,未定,
KADOKAWA,27,電撃コミックスNEXT,異世界ではじめる二拠点生活（２）　～空間魔法で王都と田舎をいったりきたり～,丸山りん／錬金王ほか,未定,
KADOKAWA,27,電撃コミックスNEXT,神々に育てられしもの、最強となる（５）,九野十弥／羽田遼亮ほか,未定,
KADOKAWA,27,電撃コミックスNEXT,わしジジイ、齢六十にして天賦の才に気付く（１）,しんこせい／吉武ほか,未定,
KADOKAWA,27,電撃コミックスNEXT,私を喰べたい、ひとでなし（６）,苗川采,未定,
KADOKAWA,27,電撃コミックスNEXT,お前妹じゃなくて許嫁だったのかよ！？（１）,湯猫子／未来人Ａ,未定,
KADOKAWA,29,アライブ＋,海鳥東月の『でたらめ』な事情,未定／両生類かえるほか,未定,
KADOKAWA,29,アライブ＋,泥の分際で私だけの大切を奪おうだなんて,未定,未定,
KADOKAWA,29,アライブ＋,Lie：verse Liars　偽想廻明（１）,小町さんぺい／Ｌｉａｒｓ　Ａｌｌｉａｎｃｅ,715,
KADOKAWA,29,単行本コミックス,毎月庭つき大家つき（３）,ヨドカワ,924,
KADOKAWA,30,角川コミックス・エース,TIGER ＆ BUNNY 2（１）,榊原瑞紀／ＢＮ　Ｐｉｃｔｕｒｅｓほか,未定,
KADOKAWA,30,角川コミックス・エース,TIGER ＆ BUNNY 2（２）,榊原瑞紀／ＢＮ　Ｐｉｃｔｕｒｅｓほか,未定,
KADOKAWA,30,単行本コミックス,君は世界で一番美しい色（３）,Ｇｏｌｏ　Ｚｈａｏ,未定,
KADOKAWA,30,単行本コミックス,入味（ルーウェイ）～この娘と食卓を囲む日から～（１）,Ｚｃｌｏｕｄ／伊実ほか,未定,
KADOKAWA,30,単行本コミックス,ペケペケ！ペケッツくん　もしもゲームが禁止になったら編（仮）,星見しょーり,未定,
講談社,6,モーニングKC,上京生活録イチジョウ（６）,三好智樹／瀬戸義明ほか,748,
講談社,6,ヤンマガKCスペシャル,税金で買った本（６）,ずいの／系山冏,726,
講談社,6,ヤンマガKCスペシャル,君が獣になる前に（７）,さの隆,726,
講談社,6,ヤンマガKCスペシャル,虎鶫　とらつぐみ　―TSUGUMI PROJECT―（６）,ｉｐｐａｔｕ,726,
講談社,6,ヤンマガKCスペシャル,何度、時をくりかえしても本能寺が燃えるんじゃが！？（９）,藤本ケンシ／井出圭亮,726,
講談社,6,ヤンマガKCスペシャル,満州アヘンスクワッド（12）,鹿子／門馬司,726,
講談社,6,ヤンマガKCスペシャル,LILI-MEN（２）,渡嘉敷拓馬,726,
講談社,6,ヤンマガKCスペシャル,技巧貸与〈スキル・レンダー〉のとりかえし　トイチって最初に言ったよな？（４）,黄波戸井ショウリ／小山ナオトほか,726,
講談社,6,ヤンマガKCスペシャル,くさっても猫なので（１）,関口かんこ,726,
講談社,6,ヤンマガKCスペシャル,サタノファニ（24）,山田恵庸,726,
講談社,6,ヤンマガKCスペシャル,パラレルパラダイス（20）,岡本倫,726,
講談社,6,ヤンマガKCスペシャル,賭博堕天録カイジ　24億脱出編（22）,福本伸行,726,
講談社,6,ヤンマガKCスペシャル,1日外出録ハンチョウ（15）,上原求／新井和也ほか,726,
講談社,7,アフタヌーンKC,天駆け（１）,空倉シキジ,748,
講談社,7,アフタヌーンKC,ビンテイジ（３）,赤堀君,748,
講談社,8,イブニングKC,FACE OFF！！（２）,上野海,715,
講談社,8,モーニングKC,矢野くんの普通の日々（５）,田村結衣,726,
講談社,8,モーニングKC,篭目の言士（２）,日野草／如月にまる,715,
講談社,8,モーニングKC,マドンナリリー（１）,篠原知宏,715,
講談社,8,モーニングKC,こびとのシイタと狩りぐらしの森（３）,樺ユキ,825,
講談社,8,モーニングKC,潰国のユリウス（２）,湯水快／山座一心,726,
講談社,8,モーニングKC,えちえちすぎる転生偉人美少女の性欲が強すぎてつらい（３）,ありしゃん,715,
講談社,8,モーニングKC,血戦のクオンタム　～量子世界の転生科学者～（１）,佐々木善章／大地幹,715,
講談社,8,モーニングKC,BOOZE＆SWEETS～酒と菓子の日々～（２）,黒崎リリー／島田英次郎,726,
講談社,8,モーニングKC,殺し屋やめたい！（４）,外木寸,715,
講談社,8,モーニングKC,波うららかに、めおと日和（１）,西香はち,726,
講談社,8,モーニングKC,おっちょこドジおねえさん（１）,倉地千尋,715,
講談社,8,星海社COMICS,幸せカナコの殺し屋生活（７）,若林稔弥,未定,
講談社,8,星海社COMICS,レンタルフレンド,ＨＥＲＯ,未定,
講談社,9,KCデラックス,姫騎士は蛮族の嫁（５）,コトバノリアキ,715,
講談社,9,KCデラックス,犬になったら好きな人に拾われた。（８）,古川五勢,704,
講談社,9,KCデラックス,Destiny Unchain Online ～吸血鬼少女となって、やがて『赤の魔王』と呼ばれるようになりました～（３）,ヤチモト／ｒｅｓｎ,726,
講談社,9,KCデラックス,追放する側の物語　仲間を追放したらパーティーが弱体化したけど、世界一を目指します。（２）,鷲見九／モンチ０２ほか,715,
講談社,9,KCデラックス,転生したら第七王子だったので、気ままに魔術を極めます　セミカラー版（２）,石沢庸介／謙虚なサークルほか,未定,
講談社,9,KCデラックス,十字架のろくにん（10）,中武士竜,715,
講談社,9,KCデラックス,ギルティサークル（７）,山本やみー／門馬司,715,
講談社,9,KCデラックス,ほねぬきごはん　～ウブで奥手な半キュバスにハートをください～（２）,御影夏,715,
講談社,9,KCデラックス,東京ネオンスキャンダル（６）,がしたに／ＭＩＴＡ,715,
講談社,9,KCデラックス,不遇職【鑑定士】が実は最強だった　～奈落で鍛えた最強の【神眼】で無双する～（８）,藤モロホシ／茨木野ほか,715,
講談社,9,KCデラックス,この世界がいずれ滅ぶことを、俺だけが知っている　～モンスターが現れた世界で、死に戻りレベルアップ～（２）,翼／灰島シゲルほか,715,
講談社,9,KCデラックス,追放魔術師のその後　新天地で始めるスローライフ（４）,天音ナツシロ／砂糖多労ほか,726,
講談社,9,KCデラックス,異世界ウォーキング（１）,あるくひと／小川慧ほか,715,
講談社,9,KCデラックス,最弱な僕は〈壁抜けバグ〉で成り上がる　～壁をすり抜けたら、初回クリア報酬を無限回収できました！～（３）,畑優以／北川ニキタほか,726,
講談社,9,シリウスKC,超級装備で無双して、異世界王に俺はなる！～OUTLAW PLAYERS～（２）,ＳＨＯＮＥＮ／原正人,748,
講談社,9,シリウスKC,無号のシュネルギア（７）,高田裕三,748,
講談社,9,シリウスKC,独身貴族は異世界を謳歌する　～結婚しない男の優雅なおひとりさまライフ～（２）,駒鳥ひわ／錬金王ほか,715,
講談社,9,シリウスKC,レベル1だけどユニークスキルで最強です（11）,真綿／三木なずなほか,715,
講談社,9,シリウスKC,勇者パーティを追い出された器用貧乏　～パーティ事情で付与術士をやっていた剣士、万能へと至る～（６）,よねぞう／都神樹ほか,693,
講談社,9,シリウスKC,剣帝学院の魔眼賢者（２）,雪あられ／ツカサほか,748,
講談社,9,シリウスKC,嫁いできた嫁が愛想笑いばかりしてる（７）,マツモトケンゴ,693,
講談社,9,シリウスKC,なかのみ　＃中野でカンパイしよっ（１）,ＮＥＯ草野,748,
講談社,9,シリウスKC,紅灯のハンタマルヤ（３）,町田とし子,748,
講談社,9,シリウスKC,人間消失（３）,江戸川エドガワ,715,
講談社,9,シリウスKC,戦車椅子　―TANK CHAIR―（２）,やしろ学,748,
講談社,9,シリウスKC,聖者無双（11）,秋風緋色／ブロッコリーライオンほか,748,
講談社,9,シリウスKC,異世界賢者の魔族犯罪調査（２）,中島豊,748,
講談社,9,シリウスKC,妖怪アパートの幽雅な日常（26）,深山和香／香月日輪,715,
講談社,9,シリウスKC,脳筋王子、庶民になる。（２）,笠間三四郎／植杉光,715,
講談社,9,シリウスKC,ポーション頼みで生き延びます！　続（１）,園心ふつう／ＦＵＮＡほか,748,
講談社,9,シリウスKC,ポンコツ風紀委員とスカート丈が不適切なJKの話（11）,横田卓馬,693,
講談社,9,シリウスKC,六姫は神護衛に恋をする　～最強の守護騎士、転生して魔法学園に行く～（10）,加古山寿／朱月十話ほか,715,
講談社,9,シリウスKC,「ククク……。奴は四天王の中でも最弱」と解雇された俺、なぜか勇者と聖女の師匠になる（５）,芳橋アツシ／延野正行ほか,715,
講談社,9,シリウスKC,「無能はいらない」と言われたから絶縁してやった～最強の四天王に育てられた俺は、冒険者となり無双する～（２）,白土悠介／鬱沢色素ほか,715,
講談社,9,シリウスKC,異世界支配のスキルテイカー　ゼロから始める奴隷ハーレム（16）,笠原巴／柑橘ゆすらほか,715,
講談社,9,シリウスKC,劣等紋の超越ヒーラー～世界最強の回復術師による異世界無双～（５）,星野まご／蒼月浩二,715,
講談社,9,シリウスKC,異世界魔王と召喚少女の奴隷魔術（20）,福田直叶／むらさきゆきやほか,748,
講談社,9,ワイドKC,あらばしり（２）,タクミユウ／橘ケンチほか,未定,
講談社,9,講談社コミックス,オリエント（18）,大高忍,528,
講談社,9,講談社コミックス,黒猫と魔女の教室（４）,金田陽介,528,
講談社,9,講談社コミックス,薫る花は凛と咲く（７）,三香見サカ,528,
講談社,9,講談社コミックス,100万の命の上に俺は立っている（16）,奈央晃徳／山川直輝,528,
講談社,9,講談社コミックス,時々ボソッとロシア語でデレる隣のアーリャさん（１）,手名町紗帆／燦々ＳＵＮほか,528,
講談社,13,BE LOVE KC,いま「余生」って言いました？（４）,アキヤマ香,726,
講談社,13,BE LOVE KC,星降る王国のニナ（10）,リカチ,528,
講談社,13,KC KISS,ポンコツ警察官は私に夢中（４）,上野はる菜,550,
講談社,13,KC KISS,零れるよるに（１）,有賀リエ,550,
講談社,13,KCデザート,沼すぎてもはや恋（２）,空垣れいだ,528,
講談社,13,KCデザート,あざ恋（３）,倉地よね,528,
講談社,13,KCデラックス,イケオジモンスターと絶対零度男子（３）,フミト,770,
講談社,13,KCデラックス,新婚だけど片想い（７）,雪森さくら,517,
講談社,13,KCデラックス,どうせ、恋してしまうんだ。（６）,満井春香,517,
講談社,13,KCデラックス,恋ヶ窪くんにはじめてを奪われました（５）,美麻りん,550,
講談社,13,KCデラックス,超絶片思いハイスペック吉田（３）,藤沢志月,528,
講談社,13,KCデラックス,朝起きたら妻になって妊娠していた俺のレポート　子育て編（４）,車谷晴子,781,
講談社,13,KCデラックス,よなよな。―今夜も呑んで忘れましょう―（１）,我楽谷,748,
講談社,13,KCデラックス,私とこわれた吸血鬼（６）,厘のミキ,748,
講談社,13,KCデラックス,カラダ、重ねて、重なって（６）,ｉｋｏ,748,
講談社,13,KCデラックス,ギフテッド（４）,天樹征丸／雨宮理真,737,
講談社,13,ワイドKC,きょうもあしたも蕨井先生（１）,五鹿マルメ,1210,
講談社,13,講談社コミックス別冊フレンド,嵐士くんの抱きマクラ（６）,渡辺あゆ,528,
講談社,13,講談社コミックス別冊フレンド,二十と成獣（１）,空神セイ,528,
講談社,13,講談社コミックス別冊フレンド,隣のステラ（３）,餡蜜,528,
講談社,13,講談社コミックス別冊フレンド,佐倉は私を好きすぎる（４）,雪宮ふゆ,528,
講談社,13,講談社コミックス別冊フレンド,阿部くんに狙われてます（11）,岩井あき,528,
講談社,13,講談社コミックス別冊フレンド,好きになるなと言われても（１）,長岡みう,528,
講談社,13,,椿の花が落ちる頃,占地,825,
講談社,13,,猫になりたい田万川くん（2）,灯乃モト,825,
講談社,16,KCデラックス,らぶ　あんど　ぴーす（１）,原田重光／蘇募ロウ,726,
講談社,16,KCデラックス,宇宙の音楽（１）,山本誠志,726,
講談社,16,KCデラックス,化物語（21）,西尾維新／大暮維人,715,
講談社,16,KCデラックス,極彩色　東京卍リベンジャーズ　Brilliant Full Color Edition（５）,和久井健,880,
講談社,16,KCデラックス,極彩色　東京卍リベンジャーズ　Brilliant Full Color Edition（６）,和久井健,880,
講談社,16,KCデラックス,日向さん、星野です。（２）,うおやま,715,
講談社,16,KCデラックス,それでも歩は寄せてくる（14）,山本崇一朗,715,
講談社,16,KCデラックス,よわよわ先生（１）,福地カミオ,715,
講談社,16,KCデラックス,DYS CASCADE（３）,中川海二,726,
講談社,16,KCデラックス,シャングリラ・フロンティア（12）　～クソゲーハンター、神ゲーに挑まんとす～,硬梨菜／不二涼介,715,
講談社,16,KCデラックス,真夏のグレイグー（４）,井上智徳,726,
講談社,16,KCデラックス,きらぼしお嬢様の求婚（１）,英貴,715,
講談社,16,KCデラックス,新 仮面ライダーSPIRITS（34）,村枝賢一／石ノ森章太郎,748,
講談社,16,マガジンエッジKC,江戸前エルフ（７）,樋口彰彦,715,
講談社,16,マガジンエッジKC,あまちんは自称♂（10）,寺井赤音,715,
講談社,16,マガジンエッジKC,オフ会したらとんでもないやつが来た話（３）,ｍｉｉ．ｍ,693,
講談社,16,講談社コミックス,カッコウの許嫁（16）,吉河美希,528,
講談社,16,講談社コミックス,戦隊大失格（９）,春場ねぎ,528,
講談社,16,講談社コミックス,はじめの一歩（137）,森川ジョージ,528,
講談社,16,講談社コミックス,黙示録の四騎士（11）,鈴木央,528,
講談社,16,講談社コミックス,ブルーロック（23）,金城宗幸／ノ村優介,528,
講談社,16,講談社コミックス,ブルーロック　―EPISODE 凪―（２）,金城宗幸／三宮宏太ほか,528,
講談社,16,講談社コミックス,アトワイトゲーム（２）,新川直司,528,
講談社,16,講談社コミックス,赤羽骨子のボディガード（２）,丹月正光,528,
講談社,16,講談社コミックス,甘神さんちの縁結び（９）,内藤マーシー,528,
講談社,16,講談社コミックス,北沢くんはAクラス（１）,門馬司／夢乃狸,528,
講談社,16,講談社コミックス月刊マガジン,DEAR　BOYS　ACT4（13）,八神ひろき,528,
講談社,16,講談社コミックス月刊マガジン,すだちの魔王城（４）,森下真,528,
講談社,16,講談社コミックス月刊マガジン,水のリボルバー（１）,佐藤駿光,528,
講談社,16,講談社コミックス月刊マガジン,空のグリフターズ　～一兆円の詐欺師たち～（６）,加藤元浩,528,
講談社,16,講談社コミックス月刊マガジン,Q.E.D.Iff ―証明終了―（24）,加藤元浩,528,
講談社,20,KCデラックス,笑顔のたえない職場です。（７）,くずしろ,726,
講談社,20,KCデラックス,妻と僕の小規模な育児（８）,福満しげゆき,792,
講談社,20,KCデラックス,復刻版　疾風伝説　特攻の拓（３）,佐木飛朗斗／所十三,792,
講談社,20,KCデラックス,復刻版　疾風伝説　特攻の拓（４）,佐木飛朗斗／所十三,792,
講談社,20,ヤンマガKCスペシャル,はらぺこサキュバスはいかせたいのに！（１）,たびれこ,726,
講談社,20,ヤンマガKCスペシャル,ミニマルズ～ゲジまゆヒメ太とまんまるヤマネが春を行く～（１）,東和広,726,
講談社,20,ヤンマガKCスペシャル,ヴァイケン・オルドの錬金研究室～目覚めたら五百年後だったんだけど、錬金術が廃れてました。再興目指して古巣でお仕事はじめます～（１）,右薙光介／ミクニシンほか,726,
講談社,20,ヤンマガKCスペシャル,異世界の歩き方　エルフと社畜のモンスターツアーズ（２）,ｒｅｄｏ,726,
講談社,20,ヤンマガKCスペシャル,ゴリせん（５）～パニックもので真っ先に死ぬタイプの体育教師～,酒井大輔,726,
講談社,20,ヤンマガKCスペシャル,転生貴族の万能開拓～【拡大＆縮小】スキルを使っていたら最強領地になりました～（５）,錬金王／Ｋｕｒｏｎほか,726,
講談社,20,ヤンマガKCスペシャル,解雇された暗黒兵士（30代）のスローなセカンドライフ（９）,岡沢六十四／るれくちぇほか,726,
講談社,20,ヤンマガKCスペシャル,異世界帰りの大賢者様はそれでもこっそり暮らしているつもりです（４）,木野二九／岡﨑純平ほか,726,
講談社,20,ヤンマガKCスペシャル,カプエルちゃんは見てほしい（３）,ジュピターゼニガメ／悪食斎,726,
講談社,20,ヤンマガKCスペシャル,ギャルにぱちゃんはせまられたい（２）,歌鳴リナ,726,
講談社,20,ヤンマガKCスペシャル,片喰と黄金（９）,北野詠一,726,
講談社,20,ヤンマガKCスペシャル,カスミ荘の漫画家志望達（３）,うらたにみずき／大野そら,726,
講談社,20,ヤンマガKCスペシャル,BLAST（２）,仲里はるな,726,
講談社,20,ヤンマガKCスペシャル,アダマスの魔女たち（10）,今井ユウ,726,
講談社,20,ヤンマガKCスペシャル,カラミざかり　ボクのほんとと君の嘘（８）,御池慧／桂あいり,726,
講談社,20,ヤンマガKCスペシャル,ヴァンパイア女史の秘密（２）,赤井千歳,726,
講談社,20,ヤンマガKCスペシャル,code：ノストラ（４）,安童夕馬／明石英之,726,
講談社,20,ヤンマガKCスペシャル,センパイ！　わざとじゃないんです！（２）,ｓａｋｕ,726,
講談社,20,ヤンマガKCスペシャル,雨夜の月（４）,くずしろ,726,
講談社,20,ワイドKC,デリシャスパーティ　プリキュア　プリキュアコレクション,上北ふたご／東堂いづみ,1320,
講談社,23,アフタヌーンKC,わたしたちは無痛恋愛がしたい　～鍵垢女子と星屑男子とフェミおじさん～（３）,瀧波ユカリ,715,
講談社,23,アフタヌーンKC,すずめの戸締まり（１）,新海誠／甘島伝記,748,
講談社,23,アフタヌーンKC,夏・ユートピアノ,ほそやゆきの,770,
講談社,23,アフタヌーンKC,ダーウィン事変（５）,うめざわしゅん,748,
講談社,23,イブニングKC,降り積もれ孤独な死よ（５）,井龍一／伊藤翔太,715,
講談社,23,イブニングKC,メシスタント中島の憂鬱,高島正嗣,715,
講談社,23,イブニングKC,立ち飲みご令嬢（２）,松本明澄,715,
講談社,23,イブニングKC,陸上自衛隊特務諜報機関　別班の犬（３）,久慈進之介,715,
講談社,23,イブニングKC,賊軍　土方歳三（８）,赤名修,715,
講談社,23,イブニングKC,創世のタイガ（11）,森恒二,715,
講談社,23,モーニングKC,焼いてるふたり（10）,ハナツカシオリ,726,
講談社,23,モーニングKC,マタギガンナー（３）,藤本正二／Ｊｕａｎ　Ａｌｂａｒｒａｎ,715,
講談社,23,モーニングKC,警視庁草紙―風太郎明治劇場―（８）,山田風太郎／東直輝ほか,726,
講談社,23,モーニングKC,この会社に好きな人がいます（15）,榎本あかまる,726,
講談社,23,モーニングKC,黒博物館　三日月よ、怪物と踊れ（３）,藤田和日郎,957,
講談社,23,モーニングKC,吉原プラトニック（４）,オキモト・シュウ／藤川よつ葉,715,
講談社,23,モーニングKC,リバーベッド（１）,磯部涼／青井ぬゐ,726,
講談社,23,モーニングKC,会社帰りのパ・ド・ドゥ（２）,瀬田ハルヒ,715,
講談社,23,モーニングKC,ガクサン（４）,佐原実波,737,
講談社,23,モーニングKC,紛争でしたら八田まで（12）,田素弘,715,
講談社,23,モーニングKC,平和の国の島崎へ（２）,濱田轟天／瀬下猛,715,
講談社,23,モーニングKC,出禁のモグラ（４）,江口夏実,715,
講談社,23,モーニングKC,僕の奥さんはちょっと怖い（６）,栗田あぐり,726,
講談社,23,ワイドKC,楽屋のトナくん（２）,矢部太郎,1100,
講談社,23,ワイドKC,Bye-Bye アタシのお兄ちゃん,竹内佐千子,1430,
講談社,30,KCx,真の聖女である私は追放されました。だからこの国はもう終わりです（５）,松もくば／鬱沢色素ほか,715,
講談社,30,KCx,悪食令嬢と狂血公爵　～その魔物、私が美味しくいただきます！～（５）,水辺チカ／星彼方ほか,715,
講談社,30,KCx,悪役令嬢みたいに断罪されそうだったけど、全力で愛されてます！　不幸な運命に「ざまぁ」しますわ！　アンソロジーコミック（２）,神無月みり／善丸ミフクほか,748,
講談社,30,KCx,超弩級チート悪役令嬢の華麗なる復讐譚（１）,見延案山子／みなと,715,
講談社,30,KCx,聖女の姉ですが、なぜか魅惑の公爵様に仕えることになりました（１）,安康マイ／一ノ谷鈴ほか,715,
講談社,30,KCx,断頭台に消えた伝説の悪女、二度目の人生ではガリ勉地味眼鏡になって平穏を望む（１）,月ヶ瀬ゆりの／水仙あきらほか,715,
講談社,30,KCx,役立たず聖女と呪われた聖騎士《思い出づくりで告白したら求婚＆溺愛されました》（４）,柊一葉／大川なぎほか,715,
講談社,30,KCx,愛が重めなオオカミ殿下は運命のつがいを軟禁中（１）,柊一葉／北宮あみ,748,
集英社,3,ジャンプコミックス,オカルトーク！（３）,大崎知仁／ニナハチ,550,
集英社,3,ジャンプコミックス,正反対な君と僕（３）,阿賀沢紅茶,715,
集英社,3,ジャンプコミックス,ブラッククローバー（34）,田畠裕基,528,
集英社,3,ジャンプコミックス,片翼のミケランジェロ（４）,伊藤砂務,594,
集英社,3,ジャンプコミックス,ダンダダン（９）,龍幸伸,572,
集英社,3,ジャンプコミックス,ベイビーブルーパー（２）,はるにわかえる,748,
集英社,3,ジャンプコミックス,道産子ギャルはなまらめんこい（10）,伊科田海,715,
集英社,3,ジャンプコミックス,ぼくと仁義なきおじさん（１）,百世渡,715,
集英社,3,ジャンプコミックス,デビィ・ザ・コルシファは負けず嫌い（６）,平方昌宏,528,
集英社,3,ジャンプコミックス,あかね噺（５）,末永裕樹／馬上鷹将,528,
集英社,3,ジャンプコミックス,僕とロボコ（12）,宮崎周平,528,
集英社,3,ジャンプコミックス,呪術廻戦（22）,芥見下々,528,
集英社,3,ジャンプコミックス,高校生家族（９）,仲間りょう,528,
集英社,3,ジャンプコミックス,ONE PIECE（105）,尾田栄一郎,528,
集英社,3,ジャンプコミックス,ONE PIECE学園（６）,尾田栄一郎／小路壮平,528,
集英社,3,ジャンプコミックス,一ノ瀬家の大罪（１）,タイザン５,528,
集英社,3,ジャンプコミックス,暗号学園のいろは（１）,西尾維新／岩崎優次,528,
集英社,3,ジャンプコミックス,忘却バッテリー（15）,みかわ絵子,715,
集英社,3,ジャンプコミックス,怪獣8号（９）,松本直也,572,
集英社,3,ジャンプコミックス,姫様“拷問”の時間です（11）,春原ロビンソン／ひらけい,715,
集英社,3,ジャンプコミックス,ゲー魔王（１）,普津澤画乃新,616,
集英社,3,ジャンプコミックス,深東京（２）,榊健滋,528,
集英社,3,ジャンプコミックス,ドラゴンボール超（20）,鳥山明／とよたろう,528,
集英社,3,ジャンプコミックス,ドラゴンボールSD（９）,オオイシナホ／鳥山明,748,
集英社,3,ジャンプコミックス,スケルトンダブル（２）,コンドウ十画,715,
集英社,3,ジャンプコミックス,不治の病は不死の病.（２）,へちぃ,594,
集英社,3,ジャンプコミックス,口が裂けても君には（８）,梶本あかり,748,
集英社,3,ジャンプコミックス,歯医者さん、あタってます！（８）,山崎将,550,
集英社,3,ジャンプコミックス,カメリアのカーテン（４）,稲岡和佐,550,
集英社,3,ジャンプコミックス,カメリアのカーテン（５）,稲岡和佐,550,
集英社,3,ジャンプコミックス,幼稚園WARS（１）,千葉侑生,748,
集英社,3,ジャンプコミックス,ココロのプログラム（２）,中村ひなた,748,
集英社,3,ジャンプコミックス,レンタル105（１）,山本棗,748,
集英社,3,ジャンプコミックス,あやかしトライアングル（13）,矢吹健太朗,528,
集英社,10,ヤングジャンプコミックス,真の安らぎはこの世になく　―シン・仮面ライダー　SHOCKER SIDE―（１）,山田胡瓜／藤村緋二ほか,748,
集英社,13,ヤングジャンプコミックス,【推しの子】1～3巻セット,赤坂アカ／横槍メンゴ,2079,
集英社,17,ジャンプコミックス,キン肉マン（81）,ゆでたまご,528,
集英社,17,ジャンプコミックス,キャプテン2（８）,ちばあきお／コージィ城倉,528,
集英社,17,ヤングジャンプコミックス,明日ちゃんのセーラー服（11）,博,715,
集英社,17,ヤングジャンプコミックス,カテナチオ（１）,森本大輔,715,
集英社,17,ヤングジャンプコミックス,20XX年レベルアップ災害～神から授かりし新たなる力～（３）,内田拓也,748,
集英社,17,ヤングジャンプコミックス,DINER ダイナー（18）,平山夢明／河合孝典,748,
集英社,17,ヤングジャンプコミックス,ヤンキー君と科学ごはん（１）,岡叶／樋口直哉,715,
集英社,17,ヤングジャンプコミックス,女優めし（３）,藤川よつ葉／うえののの,715,
集英社,17,ヤングジャンプコミックス,スタンドUPスタート（10）,福田秀,748,
集英社,17,ヤングジャンプコミックス,BUNGO ―ブンゴ―（34）,二宮裕次,715,
集英社,17,ヤングジャンプコミックス,バツハレ（３）,稲葉みのり,715,
集英社,17,ヤングジャンプコミックス,少年のアビス（12）,峰浪りょう,715,
集英社,17,ヤングジャンプコミックス,君のことが大大大大大好きな100人の彼女（13）,中村力斗／野澤ゆき子,748,
集英社,17,ヤングジャンプコミックス,【推しの子】（11）,赤坂アカ／横槍メンゴ,715,
集英社,17,ヤングジャンプコミックス,GANTZ：E（５）,奥浩哉／花月仁,715,
集英社,17,ヤングジャンプコミックス,聞いてくれますよね？先輩（２）,すかいふぁーむ／ぺんたごん,715,
集英社,17,ヤングジャンプコミックス,NEETING LIFE ニーティング・ライフ（下）,筒井哲也,748,
集英社,17,ヤングジャンプコミックス,サベージファングお嬢様　史上最強の傭兵は史上最凶の暴虐令嬢となって二度目の世界を無双する（２）,午子／赤石赫々ほか,715,
集英社,17,ヤングジャンプコミックス,そこで星屑見上げてろ（３）,奥悠,748,
集英社,17,ヤングジャンプコミックス,みずかの～water girls in sparkle～（１）,生瓶鵜義／伸びた髪,715,
集英社,17,ヤングジャンプコミックス,岩元先輩ノ推薦（６）,椎橋寛,715,
集英社,17,ヤングジャンプコミックス,GIGANTIS ―ジャイガンティス―（４）,小森陽一／橘賢一ほか,715,
集英社,17,ヤングジャンプコミックス,クローゼット～知らないあなたとしたい～（２）,あいそえる,748,
集英社,17,ヤングジャンプコミックス,ドラフトキング（14）,クロマツテツロウ,715,
集英社,17,ヤングジャンプコミックス,イヌノサバキ　警視庁違法薬物撲滅課（４）,久慈希跡／小幡文生,748,
集英社,17,ヤングジャンプコミックス,カモのネギには毒がある　加茂教授の人間経済学講義（４）,甲斐谷忍／夏原武,715,
集英社,17,ヤングジャンプコミックス,怨み屋本舗DIABLO（２）,栗原正尚,715,
集英社,17,ヤングジャンプコミックス,TOUGH 龍を継ぐ男（27）,猿渡哲也,715,
集英社,17,ヤングジャンプコミックス,カット＆ペーストでこの世界を生きていく（11）,咲夜／加藤コウキほか,715,
集英社,17,ヤングジャンプコミックス,元勇者は静かに暮らしたい（２）,こうじ／鳴瀬ひろふみほか,715,
集英社,17,ヤングジャンプコミックス,エルフ奴隷と築くダンジョンハーレム　―異世界で寝取って仲間を増やします―（１）,火野あかり／ツキシタカグヤほか,715,
集英社,17,ヤングジャンプコミックス,善人おっさん、生まれ変わったらSSSランク人生が確定した（７）,三木なずな／ゆづましろほか,715,
集英社,17,ヤングジャンプコミックス,くじ引き特賞：無双ハーレム権（８）,三木なずな／長谷見亮ほか,715,
集英社,17,ヤングジャンプコミックス,わたしが恋人になれるわけないじゃん、ムリムリ！（※ムリじゃなかった！？）（５）,みかみてれん／むっしゅほか,715,
集英社,17,ヤングジャンプコミックス,カタギモドシ（２）,設楽清人,715,
集英社,17,ヤングジャンプコミックス,復讐を希う最強勇者は、闇の力で殲滅無双する（９）,斧名田マニマニ／坂本あきらほか,715,
集英社,17,ヤングジャンプコミックス,ウマ娘　シンデレラグレイ（10）,久住太陽／杉浦理史＆Ｐｉｔａほか,715,
集英社,17,愛蔵版コミックス,桂正和×TIGER ＆ BUNNY 2 原画＆ラフ画集成,桂正和,3960,
集英社,17,愛蔵版コミックス,世田谷イチ古い洋館の家主になる（３）,山下和美,990,
集英社,24,eyesコミックス,食べたくなっちゃった,小畑つねちか,792,
集英社,24,eyesコミックス,天と万雷,鶴子,825,
集英社,24,オフィスユーコミックス,しっぽ街のコオ先生（14）,たらさわみち,638,
集英社,24,ホーム社書籍扱コミックス,邦画プレゼン女子高生　邦キチ！　映子さん　Season 9,服部昇大,825,
集英社,24,マーガレットコミックス,きよく、やましく、もどかしく。（５）,アリハラナオ,528,
集英社,24,マーガレットコミックス,うちの弟どもがすみません（９）,オザキアキラ,528,
集英社,24,マーガレットコミックス,はじめてのひと（７）,谷川史子,528,
集英社,24,マーガレットコミックス,てがきのエデン（２）,眞山継,550,
集英社,24,マーガレットコミックス,恋のようなものじゃなく（７）,南塔子,528,
集英社,24,マーガレットコミックス,岬くんの不器用な溺愛（３）,里村,715,
集英社,24,マーガレットコミックス,ピンクとハバネロ（５）,里中実華,528,
集英社,24,マーガレットコミックス,200m先の熱（７）,桃森ミヨシ,715,
集英社,24,マーガレットコミックス,ヤクザのおべんとう～ときどきヤンキーを添えて～（３）,山本カエル,792,
集英社,24,マーガレットコミックス,桜のような僕の恋人（１）,加藤朱々／宇山佳佑,715,
集英社,24,マーガレットコミックス,この恋は世界でいちばん美しい雨（１）,碧井ハル／宇山佳佑,715,
集英社,24,マーガレットコミックス,おしかけ王子は2度おいしい（１）,壱乃リョウ,715,
集英社,24,マーガレットコミックス,おしかけ王子は2度おいしい（２）,壱乃リョウ,715,
集英社,24,マーガレットコミックス,クローバーmelodie（３）,稚野鳥子,572,
集英社,24,りぼんマスコットコミックス,ハニーレモンソーダ（22）,村田真優,528,
集英社,24,りぼんマスコットコミックス,絶叫学級　転生（20）,いしかわえみ,528,
集英社,24,りぼんマスコットコミックス,ミオの名のもとに（７）,たしろみや／文川よし乃,550,
集英社,24,りぼんマスコットコミックス,GALS！！（５）,藤井みほな,528,
集英社,24,集英社ガールズコミックス,誰か夢だと言ってくれ（６）,みっしぇる,770,
集英社,24,集英社クリエイティブコミックス,私でも家　買えますか？（２）,七尾ゆず,990,
集英社,24,集英社ホームコミックス,ひっつきもっつき　ねこもぐれ（１）,新久千映,825,
小学館,3,てんとう虫コミックス,映画ドラえもん　のび太と空の理想郷,藤子・Ｆ・不二雄,825,
小学館,7,復刻名作漫画シリーズ,新装版　まんが道（１）,藤子不二雄Ａ,1980,
小学館,7,復刻名作漫画シリーズ,新装版　まんが道（２）,藤子不二雄Ａ,2200,
小学館,9,コミックス単行本,ヤンキー、推しと運命と出会う。,広瀬りさ,1320,
小学館,9,フラワーCアルファ,この極道調教中につき（２）,夜神里奈,550,
小学館,9,フラワーCアルファ,海神の花嫁（８）,小純月子,550,
小学館,9,フラワーCアルファ,絶食彼氏攻略せよ（１）,一井かずみ,550,
小学館,9,フラワーCアルファ,甘くなるまで待てません（４）,円城寺マキ,550,
小学館,9,フラワーCアルファ,18歳、新妻、不倫します。（10）,わたなべ志穂,550,
小学館,9,フラワーCアルファ,さようなら、エデン。（３）,わたなべ志穂,550,
小学館,9,フラワーCアルファ,結婚しましょう、恋する前に（１）,宮園いづみ,550,
小学館,9,フラワーCアルファ,数字であそぼ。（９）,絹田村子,550,
小学館,9,フラワーCアルファ,狼の娘（１）,小玉ユキ,550,
小学館,9,フラワーコミックス〔スペシャル〕,グレさんぽ　～コロナとか養蜂とか京都とか～,グレゴリ青山,1480,
小学館,10,ゲッサン少年サンデーコミックス,償い魔法少女カレンザ（５）,宮月新／下内遼太,715,
小学館,10,ゲッサン少年サンデーコミックス,今日のさんぽんた（６）,田岡りき,715,
小学館,10,ゲッサン少年サンデーコミックス,からかい上手の（元）高木さん（17）,稲葉光史／山本崇一朗,715,
小学館,10,ゲッサン少年サンデーコミックス,からかい上手の（元）高木さん（18）,稲葉光史／山本崇一朗,715,
小学館,10,ゲッサン少年サンデーコミックス,からかい上手の高木さん（19）,山本崇一朗,715,
小学館,10,ゲッサン少年サンデーコミックス,くノ一ツバキの胸の内（８）,山本崇一朗,715,
小学館,10,サンデーうぇぶりSSC,はなにあらし（12）,古鉢るか,715,
小学館,10,サンデーうぇぶりSSC,ホテル・インヒューマンズ（５）,田島青,715,
小学館,10,サンデーうぇぶりSSC,ギュゲスのふたり（３）,カトウタカヒロ,715,
小学館,10,サンデーうぇぶりSSC,弱体化勇者のリスタート（３）,い～どぅ～,715,
小学館,10,ビッグ　コミックス,魔王がずっと見ている（３）,野田宏／ふくしま正保,715,
小学館,10,ビッグ　コミックス,蟲愛づる姫君の結婚　～後宮はぐれ姫の蠱毒と謎解き婚姻譚～（２）,宮野美嘉／碧風羽ほか,715,
小学館,10,ビッグ　コミックス,強すぎて勇者パーティーを卒業した最強剣士、魔法学園でも愛される（２）,あまうい白一／生倉大福,715,
小学館,10,ビッグ　コミックス,野生のJK柏野由紀子は、異世界で酒場を開く（２）,Ｙ．Ａ／すざくほか,715,
小学館,10,小学館クリエイティブ単行本,ラシャーヌ！愛蔵版（１）,魔夜峰央,2200,
小学館,10,夜サンデーSSC,ヒーローガール×ヒーラーボーイ～TOUCH or DEATH～（10）,大井昌和,715,
小学館,10,夜サンデーSSC,ふたりハイシン（１）,本名ワコウ,715,
小学館,10,裏少年サンデーコミックス,ヒマチの嬢王（19）,茅原クレセ,715,
小学館,10,裏少年サンデーコミックス,先生で○○しちゃいけません！（７）,武者サブ,715,
小学館,10,裏少年サンデーコミックス,メディアミックスメイデン（４）,丸戸史明／武者サブ,715,
小学館,10,裏少年サンデーコミックス,裏バイト：逃亡禁止（９）,田口翔太郎,715,
小学館,10,裏少年サンデーコミックス,うしろの正面　カムイさん（６）,えろき／コノシロしんこ,715,
小学館,10,裏少年サンデーコミックス,宙―CHUU―（１）,手原和憲,715,
小学館,16,少年サンデーコミックス,よふかしのうた（15）,コトヤマ,550,
小学館,16,少年サンデーコミックス,第九の波濤（22）,草場道輝／高谷智裕,550,
小学館,16,少年サンデーコミックス,龍と苺（11）,柳本光晴,550,
小学館,16,少年サンデーコミックス,トニカクカワイイ（23）,畑健二郎,550,
小学館,16,少年サンデーコミックス,葬送のフリーレン（10）,山田鐘人／アベツカサ,550,
小学館,16,少年サンデーコミックス,魔王城でおやすみ（24）,熊之股鍵次,550,
小学館,16,少年サンデーコミックス,レッドブルー（５）,波切敦,550,
小学館,16,少年サンデーコミックス,帝乃三姉妹は案外、チョロい。（５）,ひらかわあや,550,
小学館,16,少年サンデーコミックス,GOLDEN SPIRAL（４）,福地翼,550,
小学館,16,少年サンデーコミックス,蒼穹のアリアドネ（22）,八木教広,550,
小学館,16,少年サンデーコミックス,新・ちいさいひと　青葉児童相談所物語（12）,夾竹桃ジン／水野光博ほか,550,
小学館,16,少年サンデーコミックス,ノケモノたちの夜　フレイムナイト,星野真,550,
小学館,16,少年サンデーコミックス,アオアシ　ジュニア版（25）,小林有吾,650,
小学館,16,少年サンデーコミックス,アオアシ　ジュニア版（26）,小林有吾,650,
小学館,17,ゲッサン少年サンデーコミックス,ベー革（３）,クロマツテツロウ,737,
小学館,17,ゲッサン少年サンデーコミックス,341戦闘団,広江礼威,836,
小学館,17,サンデーGXコミックス,ジャジャ（33）,えのあきら,715,
小学館,17,サンデーGXコミックス,BLACK LAGOON 掃除屋ソーヤー　解体！ゴアゴア娘（６）,イダタツヒコ／広江礼威,715,
小学館,17,サンデーGXコミックス,BLACK LAGOON エダ　イニシャルステージ（２）,やまむらはじめ／広江礼威,715,
小学館,17,サンデーGXコミックス,レッドサン・インク（４）,スズキ唯知,715,
小学館,17,裏少年サンデーコミックス,あなたは私におとされたい（５）,宮口ジュン／梅涼,880,
小学館,17,裏少年サンデーコミックス,まさかな恋になりました。（３）,邑咲奇,880,
小学館,17,裏少年サンデーコミックス,TSUYOSHI 誰も勝てない、アイツには（17）,丸山恭右,880,
小学館,17,裏少年サンデーコミックス,ブラックガールズトーク（６）,マキノマキ,715,
小学館,17,裏少年サンデーコミックス,茨城ごじゃっぺカルテット（５）,豚もう,715,
小学館,17,裏少年サンデーコミックス,ヒロイン不在の悪役令嬢は婚約破棄してワンコ系従者と逃亡する（５）,柊一葉／じろあるば,715,
小学館,17,裏少年サンデーコミックス,アフターゴッド（４）,江野朱美,715,
小学館,17,裏少年サンデーコミックス,ウェルベルム　―言葉の戦争―（３）,花林ソラ／伏見航介,715,
小学館,17,裏少年サンデーコミックス,異世界ありがとう（３）,荒井小豆／ジアナズ,715,
小学館,17,裏少年サンデーコミックス,不器用な王子様（２）,鮭乃らるかん,715,
小学館,17,裏少年サンデーコミックス,はぐれ人魚のディアナ（１）,すあま,715,
小学館,17,裏少年サンデーコミックス,勇者が死んだ！神の国編（上）,スバルイチ,715,
小学館,17,裏少年サンデーコミックス,終の退魔師　エンダーガイスター（９）,四方山貴史,880,
小学館,17,裏少年サンデーコミックス,転生悪役令嬢は見せかけドS王子をお仕置きしたい（４）,清水まみ,715,
小学館,20,ビッグ　コミックス〔スペシャル〕,妻観察日記（３）,福満しげゆき,850,
小学館,24,ちゃおコミックス,2人はS×S（１）,くまき絵里,528,
小学館,24,ちゃおコミックス,ねこ、はじめました（11）,環方このみ,528,
小学館,24,ちゃおコミックス,アオハルステージ,小倉あすか,528,
小学館,24,ちゃおコミックス,シャッター音は恋のオト,ときわ藍,528,
小学館,24,ちゃおコミックス,今日からパパは神様です。（６）,寺本実月,528,
小学館,24,フラワーCアルファ,帰る家には恋がいない（１）,水波風南,550,
小学館,24,フラワーCアルファ,スーツに性癖（７）,河丸慎,550,
小学館,24,フラワーコミックス,主人恋日記（４）,吉永ゆう,528,
小学館,24,フラワーコミックス,三日月まおは♂♀をえらべない（４）,西野きいな,528,
小学館,24,フラワーコミックス,Bite Maker ～王様のΩ～（11）,杉山美和子,528,
小学館,24,フラワーコミックス,王の獣（12）,藤間麗,528,
小学館,24,フラワーコミックス,ヒミツのヒロコちゃん（６）,花緒莉,528,
小学館,24,フラワーコミックス,パーフェクトスキャンダル（８）,菊乃杏,528,
小学館,24,フラワーコミックス,ラブ・パラサイト（３）,雨村澪,528,
小学館,24,フラワーコミックス,魔法陣クロノカノン（３）,くまがい杏子,528,
小学館,24,フラワーコミックス,リトライジュリエット！！（３）,池山田剛,528,
小学館,24,フラワーコミックス,次はいいよね、先輩（７）,梅澤麻里奈,528,
小学館,24,フラワーコミックス〔スペシャル〕,僕と魔女についての備忘録（１）,三つ葉優雨,715,
小学館,28,てんとう虫コミックス,運命の巻戻士（３）,木村風太,550,
小学館,28,てんとう虫コミックス,釣りスピリッツ（１）,むぎわらしんたろう／釣りスピチーム,550,
小学館,28,てんとう虫コミックス〔スペシャル〕,あつまれ　どうぶつの森　～無人島Diary～（７）,ココナスルンバ／任天堂,715,
小学館,28,てんとう虫コミックス〔スペシャル〕,カレコレ（２）,井上桃太／Ｐｌｏｔｔ,770,
小学館,28,てんとう虫コミックス〔スペシャル〕,デュエル・マスターズ紅蓮（２）,森茶,770,
小学館,28,てんとう虫コミックス〔スペシャル〕,サメゾン　サメとゾンビとなんでも屋（２）,山内コウタロウ,770,
小学館,30,ビッグ　コミックス,レ・セルバン（１）,濱田浩輔,715,
小学館,30,ビッグ　コミックス,レ・セルバン（２）,濱田浩輔,715,
小学館,30,ビッグ　コミックス,米蔵夫婦のレシピ帳（１）,片山ユキヲ,715,
小学館,30,ビッグ　コミックス,ダンプ・ザ・ヒール（４）,原秀則／ダンプ松本ほか,715,
小学館,30,ビッグ　コミックス,植物病理学は明日の君を願う（１）,竹良実,715,
小学館,30,ビッグ　コミックス,毒白　―ドクハク―（１）,叶齊,715,
小学館,30,ビッグ　コミックス,湖底のひまわり（１）,石川優吾,715,
小学館,30,ビッグ　コミックス,生きてるうちに推してくれ（２）,丹羽庭,715,
小学館,30,ビッグ　コミックス,駅伝男子プロジェクト（２）,高橋しん,715,
小学館,30,ビッグ　コミックス,ヘブンの天秤（２）,浄土るる,715,
小学館,30,ビッグ　コミックス,プラタナスの実（８）,東元俊哉,715,
小学館,30,ビッグ　コミックス,九条の大罪（８）,真鍋昌平,715,
小学館,30,ビッグ　コミックス,ひらやすみ（５）,真造圭伍,715,
小学館,30,ビッグ　コミックス,トリリオンゲーム（６）,稲垣理一郎／池上遼一,715,
小学館,30,ビッグ　コミックス,太陽と月の鋼（６）,松浦だるま,715,
小学館,30,ビッグ　コミックス,Deep3（６）,水野光博／飛松良輔,715,
小学館,30,ビッグ　コミックス,昭和天皇物語（12）,能條純一／半藤一利,715,
小学館,30,ビッグ　コミックス,釣りバカ日誌（111）,やまさき十三／北見けんいち,715,
小学館,30,ビッグ　コミックス,スティグマ（６）,井浦秀夫,715,
小学館,30,ビッグ　コミックス,スティグマ（７）,井浦秀夫,715,
小学館,30,ビッグ　コミックス,オオタ式,太田基之,715,
小学館,30,ビッグ　コミックス,這い寄るな金星（１）,華沢寛治,715,
小学館,30,小学館クリエイティブ単行本,完全版I’ll ―アイル―（４）,浅田弘幸,1980,
小学館,31,裏少年サンデーコミックス,青のオーケストラ（11）,阿久井真,715,
スクウェア・エニックス,7,ガンガンコミックスONLINE,勇者パーティーを追放された俺だが、俺から巣立ってくれたようで嬉しい。……なので大聖女、お前に追って来られては困るのだが？（コミック）（3）,初枝れんげ／柴乃櫂人ほか,730,
スクウェア・エニックス,7,ガンガンコミックスUP！,世界でただ一人の魔物使い　～転職したら魔王に間違われました～（9）,筧千里／堂島ノリオほか,730,
スクウェア・エニックス,7,ガンガンコミックスUP！,装備枠ゼロの最強剣士　でも、呪いの装備（可愛い）なら9999個つけ放題（7）（完）,坂木持丸／鷹嶋大輔ほか,730,
スクウェア・エニックス,7,ガンガンコミックスUP！,万年2位だからと勘当された少年、無自覚に無双する（3）,あざね／大慈ほか,730,
スクウェア・エニックス,7,ガンガンコミックスUP！,左遷された最強賢者、教師になって無敵のクラスを作り上げる（7）,鈴森一／かなめもにか,730,
スクウェア・エニックス,7,ガンガンコミックスUP！,眼鏡公爵の初恋と地味令嬢の腐れ観察日記（2）,長月おと／胡瓜ナツカ,730,
スクウェア・エニックス,7,ガンガンコミックスUP！,万年Dランクの中年冒険者、酔った勢いで伝説の剣を引っこ抜く（8）,九頭七尾／温木アツシほか,730,
スクウェア・エニックス,7,ガンガンコミックスUP！,貴族転生　～恵まれた生まれから最強の力を得る～（6）,三木なずな／華嶋ひすいほか,730,
スクウェア・エニックス,7,ガンガンコミックスUP！,魔剣の弟子は無能で最強！～英雄流の修行で万能になれたので、最強を目指します～（コミック）（3）,ふか田さめたろう／植田亮ほか,750,
スクウェア・エニックス,7,ガンガンコミックスUP！,Do It Yourself！！　―どぅー・いっと・ゆあせるふ―（2）,ＩＭＡＧＯ／エイベックス・ピクチャーズ／こゆびたべる,730,
スクウェア・エニックス,7,ガンガンコミックスUP！,処刑された賢者はリッチに転生して侵略戦争を始める（7）,結城絡繰／國友翔太郎ほか,730,
スクウェア・エニックス,7,ガンガンコミックスUP！,異世界賢者の転生無双　～ゲームの知識で異世界最強～（7）,進行諸島（ＧＡノベル／ＳＢクリエイティブ刊）／三十三十ほか,730,
スクウェア・エニックス,7,ガンガンコミックスUP！,最強剣聖の魔法修行　～レベル99のステータスを保ったままレベル1からやり直す～（4）（完）,年中麦茶太郎（ＧＡノベル／ＳＢクリエイティブ刊）／五月やみほか,730,
スクウェア・エニックス,7,ガンガンコミックスUP！,四季姫、始めました～召喚された世界で春を司るお仕事します～（1）,もちだもちこ／漆児皐,730,
スクウェア・エニックス,7,ガンガンコミックスUP！,強制じゃしん信仰プレイ～このぽんこつを崇めろって正気ですか？～（1）,機織機（ＧＣノベルズ／マイクロマガジン社）／川崎命大ほか,730,
スクウェア・エニックス,7,ガンガンコミックスUP！,神達に拾われた男（10）,Ｒｏｙ／蘭々ほか,730,
スクウェア・エニックス,7,ガンガンコミックスUP！,聖女のはずが、どうやら乗っ取られました（6）,吉高花（「オーバーラップノベルスｆ」刊）／じさまほか,730,
スクウェア・エニックス,7,ガンガンコミックスUP！,湯沸かし勇者の復讐譚～水をお湯にすることしか出来ない勇者だけど、全てを奪ったお前らを殺すにはこいつで十分だ～（4）（完）,のんＢ／織,750,
スクウェア・エニックス,7,ガンガンコミックスUP！,6人の死なない少女と必ず死ぬ運命の人（1）,中村基／中村なかち,730,
スクウェア・エニックス,7,ガンガンコミックスUP！,最強のおっさんハンター異世界へ　～今度こそゆっくり静かに暮らしたい～（5）（完）,月島秀一（ＧＡノベル／ＳＢクリエイティブ刊）／勇沢梛木ほか,730,
スクウェア・エニックス,7,ガンガンコミックスUP！,ここは俺に任せて先に行けと言ってから10年がたったら伝説になっていた。（11）,えぞぎんぎつね／阿倍野ちゃこほか,730,
スクウェア・エニックス,7,ガンガンコミックスUP！,エリスの聖杯（8）,常磐くじら（ＧＡノベル／ＳＢクリエイティブ刊）／桃山ひなせほか,730,
スクウェア・エニックス,7,ガンガンコミックスUP！,難攻不落の魔王城へようこそ～デバフは不要と勇者パーティーを追い出された黒魔導士、魔王軍の最高幹部に迎えられる～（7）,御鷹穂積（ＧＡノベル／ＳＢクリエイティブ刊）／蚕堂ｊ１ほか,730,
スクウェア・エニックス,7,ガンガンコミックスUP！,魔女の旅々（5）,白石定規／七緒一綺ほか,730,
スクウェア・エニックス,7,ガンガンコミックスUP！,泥酔彼女（3）,串木野たんぼ（ＧＡ文庫／ＳＢクリエイティブ刊）／ぽんこつわーくすほか,730,
スクウェア・エニックス,7,ガンガンコミックスUP！,異世界国家アルキマイラ　～最弱の王と無双の軍勢～（3）,蒼乃暁（ＧＡノベル／ＳＢクリエイティブ刊）／ＢＡＲＺほか,730,
スクウェア・エニックス,7,ガンガンコミックスUP！,悪役令嬢は溺愛ルートに入りました！？（コミック）（2）,十夜／宵マチほか,730,
スクウェア・エニックス,10,ガンガンコミックス,不徳のギルド（11）,河添太一,730,
スクウェア・エニックス,10,ガンガンコミックス,裏世界ピクニック（10）,宮澤伊織／水野英多ほか,730,
スクウェア・エニックス,10,ガンガンコミックス,FINAL FANTASY LOST STRANGER（10）,水瀬葉月／亀屋樹,750,
スクウェア・エニックス,10,ガンガンコミックスONLINE,ホラー女優が天才子役に転生しました　～今度こそハリウッドを目指します!～（1）,鉄箱／きのこ姫ほか,730,
スクウェア・エニックス,10,ガンガンコミックスONLINE,落ちこぼれ国を出る　～実は世界で4人目の付与術師だった件について～（5）,御影雫／ＨＡＹＡＤＡＩ,730,
スクウェア・エニックス,10,ガンガンコミックスONLINE,乙女ゲーム六周目、オートモードが切れました。（5）,空谷玲奈（フロンティアワークス／アリアンローズ）／昴カズサほか,730,
スクウェア・エニックス,10,ガンガンコミックスONLINE,私、能力は平均値でって言ったよね！（コミック）（3）,ＦＵＮＡ／亜方逸樹ほか,730,
スクウェア・エニックス,10,ガンガンコミックスONLINE,キングダム　ハーツIII（3）,天野シロ／野村哲也,790,
スクウェア・エニックス,10,ガンガンコミックスONLINE,内緒のシンデレラ（3）（完）,加藤衣緒,730,
スクウェア・エニックス,10,ガンガンコミックスONLINE,甘党ヤクザとケーキ屋バイト君の話（1）,島國,730,
スクウェア・エニックス,10,ガンガンコミックスUP！,失格紋の最強賢者　～世界最強の賢者が更に強くなるために転生しました～（22）,進行諸島／肝匠＆馮昊（Ｆｒｉｅｎｄｌｙ　Ｌａｎｄ）ほか,730,
スクウェア・エニックス,10,ガンガンコミックスUP！,殲滅魔導の最強賢者　無才の賢者、魔導を極め最強へ至る（7）,進行諸島／月澪＆彭傑（Ｆｒｉｅｎｄｌｙ　Ｌａｎｄ）ほか,730,
スクウェア・エニックス,22,ガンガンコミックスJOKER,事情を知らない転校生がグイグイくる。（14）,川村拓,730,
スクウェア・エニックス,22,ガンガンコミックスJOKER,嘘の子供（1）,川村拓,730,
スクウェア・エニックス,22,ガンガンコミックスJOKER,履いてください、鷹峰さん（7）,柊裕一,730,
スクウェア・エニックス,22,ガンガンコミックスJOKER,勇者パーティーの荷物持ち（1）,河本ほむら／八嶋諒,730,
スクウェア・エニックス,22,ガンガンコミックスpixiv,僕の部屋のユウ子さん（1）,武川展子,730,
スクウェア・エニックス,22,ガンガンコミックスpixiv,ヤクザの大親分が幼女に生まれ変わった話（4）（完）,アメノ,990,
スクウェア・エニックス,25,ビッグガンガンコミックス,ハイスコアガール　DASH（4）,押切蓮介,730,
スクウェア・エニックス,25,ビッグガンガンコミックス,SHIORI EXPERIENCE ジミなわたしとヘンなおじさん（20）,長田悠幸／町田一八,750,
スクウェア・エニックス,25,ビッグガンガンコミックス,BADON（7）,オノ・ナツメ,730,
スクウェア・エニックス,25,ビッグガンガンコミックス,君に二度目のさよならを。（2）,タナカトモ／蛸川蛸丸,730,
スクウェア・エニックス,25,ビッグガンガンコミックス,男装のパルトナー（1）,浅月のりと,730,
スクウェア・エニックス,25,ヤングガンガンコミックス,その着せ替え人形は恋をする（11）,福田晋一,730,
スクウェア・エニックス,25,ヤングガンガンコミックス,現実の彼女はいりません！（17）,田尾典丈／三雲ジョージほか,730,
スクウェア・エニックス,25,ヤングガンガンコミックス,不器用な先輩。（6）,工藤マコト,730,
スクウェア・エニックス,25,ヤングガンガンコミックス,処刑少女の生きる道（5）,佐藤真登（ＧＡ文庫／ＳＢクリエイティブ刊）／三ツ谷亮ほか,730,
スクウェア・エニックス,25,ヤングガンガンコミックス,さよならエデン（4）（完）,愛南ぜろ,730,
スクウェア・エニックス,25,ヤングガンガンコミックス,地獄に堕ちてよ、お兄ちゃん（2）,ねじがなめた,730,
スクウェア・エニックス,27,Gファンタジーコミックス,魔法科高校の劣等生　師族会議編（6）,佐島勤／石田可奈ほか,730,
スクウェア・エニックス,27,Gファンタジーコミックス,竜の花嫁お断り（3）,イロノ,730,
白泉社,3,花とゆめコミックス,それでも弟は恋したがる（２）,林みかせ,528,
白泉社,3,花とゆめコミックス,ミントチョコレート（11）,折笠まみ,528,
白泉社,3,花とゆめコミックス,トナリはなにを食う人ぞ　ほろよい（10）,ふじつか雪,528,
白泉社,3,花丸コミックス・プレミアム,陰キャな僕が双子に愛される理由（２）,三ツ矢凡人,748,
白泉社,20,花とゆめコミックス,春の嵐とモンスター（２）,ミユキ蜜蜂,528,
白泉社,20,花とゆめコミックス,コレットは死ぬことにした　―女神編―,幸村アルト,528,
白泉社,20,花とゆめコミックス,ピチカートの眠る森（１）,幸村アルト,528,
白泉社,20,花とゆめコミックス,推しに甘噛み（１）,鈴木ジュリエッタ,528,
白泉社,20,花とゆめコミックス,顔だけじゃ好きになりません（７）,安斎かりん,528,
白泉社,20,花とゆめコミックス,春の日ぐらし（２）（完）,朝ひおり,528,
白泉社,20,花とゆめコミックス,スキップ・ビート！（49）,仲村佳樹,528,
白泉社,20,花とゆめコミックス,恋するMOON DOG（10）,山田南平,693,
白泉社,29,ヤングアニマルコミックス,しょせん他人事ですから　～とある弁護士の本音の仕事～（４）,富士屋カツヒト／左藤真通ほか,770,
白泉社,29,ヤングアニマルコミックス,追放悪役令嬢の旦那様（５）,なつせみ／古森きりほか,715,
白泉社,29,ヤングアニマルコミックス,軍師　黒田官兵衛伝（６）,重野なおき,660,
白泉社,29,ヤングアニマルコミックス,真田魂（４）,重野なおき,660,
白泉社,29,ヤングアニマルコミックス,キッチンカー『デリ・ジョイ』　―車窓から異世界へ美味いもの密輸販売中！―（３）,水晶零／りぃんほか,715,
白泉社,29,ヤングアニマルコミックス,俺は何度でもお前を追放する（２）,柳井伸彦／長谷川凸蔵,715,
白泉社,29,ヤングアニマルコミックス,トリマニア（６）,久世岳,715,
白泉社,31,,Spotted Flower（６）,木尾士目,660,
白泉社,31,,衒学始終相談（１）,三島芳治,770,
出版社,発売日,シリーズ名・書名,著者,予価,
朝日新聞出版,7,Nemuki+コミックス,使い魔サンマイと白の魔導師（２）,明治カナ子,990,
朝日新聞出版,7,Nemuki+コミックス,アデライトの花（５）,ＴＯＮＯ,737,
朝日新聞出版,7,Nemuki+コミックス,ＴＯＮＯちゃんの裏しまえぶりでぃ,ＴＯＮＯ,825,
朝日新聞出版,7,Nemuki+コミックス,TONOちゃんのしましまえぶりでぃ（５）,ＴＯＮＯ,825,
朝日新聞出版,20,HONKOWAコミックス,金運スピ散歩,伊藤三巳華,990,
朝日新聞出版,20,HONKOWAコミックス,登拝女子と山伏さん（仮）　人生変えた御利益登山,たなべみか,1100,
朝日新聞出版,20,HONKOWAコミックス／霊能者　詩乃のお仕事,それってマジですか！？（２）,流水りんこ,968,
朝日新聞出版,20,ソノラマ＋コミックス,#離婚して車中泊になりました（３）,井上いちろう,1100,
一水社,31,,【検証】拗らせ配信者がガチ恋してみた！,草野こめ,880,
一迅社,15,gateauコミックス,木曜日売ります,松田とらいち,836,
一迅社,15,gateauコミックス,あまい彼にはヒミツがつきもの,後野オカピ,825,
一迅社,15,gateauコミックス,愛しのXLサイズ・続々続　限定版,重い実,1045,
一迅社,15,gateauコミックス,恋愛研究部に入ると好きな人と両想いになれないらしい,黒木えぬこ,825,
一迅社,16,百合姫コミックス,君と綴るうたかた（５）,ゆあま,814,
一迅社,20,カラフルハピネス,緑陰の冠（１）,ｂｉｎｕ／Ｓｉｙａほか,1089,
一迅社,20,カラフルハピネス,お父さん、私この結婚イヤです！（４）,Ｒｏａｌ／ｙｕｒｉほか,1089,
一迅社,24,LOVEBITESコミックス,戦傑の花嫁,おやぬ,836,
一迅社,24,LOVEBITESコミックス,恋する秘文の戦士たち（１）,おやぬ,836,
一迅社,25,ZERO-SUMコミックス,死んでも恋は演じない,Ｊｉｃｃｏ／相川有,825,
一迅社,25,ベビードールCOMICS,性欲最強の公爵様と結婚することになりました…！アンソロジー（仮）,アンソロジー,935,
一迅社,27,REXコミックス,Fate/Grand Order ―Epic of Remnant―　亜種特異点Ⅳ　禁忌降臨庭園　セイレム　異端なるセイレム（６）,ＴＹＰＥ－ＭＯＯＮ／大森葵,649,
一迅社,27,REXコミックス,新装版　政宗くんのリベンジ（１）,竹岡葉月／Ｔｉｖ,1320,
一迅社,27,REXコミックス,新装版　政宗くんのリベンジ（２）,竹岡葉月／Ｔｉｖ,1320,
一迅社,27,REXコミックス,思春期ちゃんのしつけかた（８）,中田ゆみ,726,
一迅社,27,REXコミックス,ゴブリンにエロいことされちゃうアンソロジーコミック（16）,アンソロジー,902,
一迅社,27,REXコミックス,勇者はひとり、ニッポンで～疲れる毎日忘れたい！のびのび過ごすぜ異世界休暇～（１）,山崎響／雪狸,748,
一迅社,27,REXコミックス,復讐のゴブリン　～異世界からの断罪者～,仙道八,770,
一迅社,30,gateauコミックス,ひとりじめマイヒーロー（14）,ありいめめこ,825,
一迅社,31,ZERO-SUMコミックス,高飛車皇女は黙ってない（１）,月煮ゆう／柊と灯ほか,814,
一迅社,31,ZERO-SUMコミックス,家政魔導士の異世界生活～冒険中の家政婦業承ります！～（６）,おの秋人／文庫妖ほか,836,
一迅社,31,ZERO-SUMコミックス,無口な公爵令嬢と冷徹な皇帝　～前世拾った子供が皇帝になっていました～（２）,押川いい／ベキオほか,847,
一迅社,31,ZERO-SUMコミックス,マリエル・クララックの婚約（７）,アラスカぱん／桃春花ほか,814,
一迅社,31,ZERO-SUMコミックス,冷血悪女による無垢な王子の利用法,千秋りえ,836,
一迅社,31,ZERO-SUMコミックス,王太子妃になんてなりたくない！！（３）,黒木捺／月神サキほか,858,
一迅社,31,ZERO-SUMコミックス,王太子妃になんてなりたくない！！　婚約者編（１）,鴨野れな／月神サキほか,814,
一迅社,31,ZERO-SUMコミックス,婚約破棄されましたが、幸せに暮らしておりますわ！アンソロジーコミック（４）,アンソロジー,880,
一迅社,31,ZERO-SUMコミックス,溺愛令嬢は旦那さまから逃げられません…っ　アンソロジーコミック（６）,アンソロジー,880,
イースト・プレス,8,,盛りつけ上手な円山さん,蟻子,1320,
イースト・プレス,17,,塩田先生と雨井ちゃん（５）,なかとかくみこ,902,
オーバーラップ,15,クリエコミックス,だから、彼女は彼を買う。（１）,松本救助,未定,
オーバーラップ,15,クリエコミックス,満たすのは空腹だけですか？（１）,タダノヤス,未定,
オーバーラップ,15,ラブパルフェコミックス,美女かと思ったら絶倫ケダモノでした　～ジェンダーレス男子は夜の肉食獣～,諒しゅん／本間ふみ,未定,
オーバーラップ,15,リキューレコミックス,富美菊さんのお気に入り,ナツマサキ,未定,
オーバーラップ,25,ガルドコミックス,黒鳶の聖者（３）　～追放された回復術士は、有り余る魔力で闇魔法を極める～,佐和井ムギ／まさみティーほか,未定,
オーバーラップ,25,ガルドコミックス,転生したらオレがヒロインであいつが勇者だった（５）,みずのもと,未定,
オーバーラップ,25,ガルドコミックス,異世界でスローライフを（願望）（６）,長頼／シゲほか,未定,
オーバーラップ,25,ガルドコミックス,最凶の支援職【話術士】である俺は世界最強クランを従える（７）,やもりちゃん／じゃき,未定,
オーバーラップ,25,ガルドコミックス,骸骨騎士様、只今異世界へお出掛け中（12）,サワノアキラ／秤猿鬼ほか,未定,
オーバーラップ,25,ガルドコミックス,ワールド・ティーチャー　異世界式教育エージェント（12）,吉乃そら／ネコ光一ほか,未定,
オーバーラップ,25,ガルドコミックス,転生先が気弱すぎる伯爵夫人だった（２）　～前世最強魔女は快適生活を送りたい～,卯乃米／桜あげはほか,未定,
オーバーラップ,25,ガルドコミックス,完璧すぎて可愛げがないと婚約破棄された聖女は隣国に売られる（３）,綾北まご／冬月光輝ほか,未定,
オークラ出版,27,オークラコミックス,もっかい本気で抱いていい？　～再会Sexは甘くて苦い～（上）,春名ソマリ,780,
オークラ出版,27,オークラコミックス,もっかい本気で抱いていい？　～再会Sexは甘くて苦い～（下）,春名ソマリ,780,
オークラ出版,28,オークラコミックス,ニセ恋ノーマライズ,工藤あい,835,
宙出版,16,ミッシィコミックス　YLC Collection,社畜上司の恋と快楽　～私と仕事、どっちがイイですか？～（２）（完）,團藤さや,770,
宙出版,16,ミッシィコミックス　YLC DX Collection,新しい婚約者は私を愛でたくて仕方ない（２）,みずの雪見／アオイ,726,
笠倉出版社,17,カルトコミックス　Love Chucola Selection,耽溺ホテル（１）,弓槻みあ／青井千寿,781,
笠倉出版社,17,カルトコミックス　Love Chucola Selection,耽溺ホテル（２）,弓槻みあ／青井千寿,781,
笠倉出版社,25,カルトコミックス　equal collection,未熟なサイダー,井ノ宮みや,803,
海王社,9,GUSH COMICS,ビッチな猫は甘噛みにみだれる,天王寺ミオ,798,
海王社,9,GUSH COMICS,性悪男とヒモ男,大橋キッカ,776,
海王社,9,GUSH COMICS,今日、俺んち寄ってく？　高3の夏,みーち,798,
海王社,9,GUSH COMICS,二度目の恋はタチが悪い,うしの,820,
海王社,9,GUSH COMICS,バリタチリーマン、ネコ化計画,三田ロジ,798,
海王社,20,＆.Emo comics,王子達の淫餐,樋木ゆいち,897,
キルタイムコミュニケーション,8,ヴァルキリーコミックス,百合ラブスレイブ　ふたりだけの放課後（３）,鈴音れな／あらおし悠,693,
キルタイムコミュニケーション,8,ヴァルキリーコミックス,見えてますよ！　愛沢さん（１）,棘尾どろしー,693,
キルタイムコミュニケーション,8,ヴァルキリーコミックス,落ちこぼれ退魔師は異世界帰りで最強となる（１）,紅丸／秀是,693,
キルタイムコミュニケーション,14,ブリーゼコミックス,王子様なんて、こっちから願い下げですわ！　～追放された元悪役令嬢、魔法の力で見返します～（３）,春原まい／柏てん,750,
幻冬舎コミックス発行／幻冬舎発売,24,バーズコミックス,転生したら剣でした（13）,棚架ユウ／丸山朝ヲほか,715,
幻冬舎コミックス発行／幻冬舎発売,24,バーズコミックス,死神の王とその娘たち（２）,洋介犬,715,
幻冬舎コミックス発行／幻冬舎発売,24,バーズコミックス　リンクスコレクション,男しかいない国のアリス（２）,香坂透,737,
幻冬舎コミックス発行／幻冬舎発売,24,バーズコミックス　ルチルコレクション,涯外殻の番人,星野リリィ,836,
幻冬舎コミックス発行／幻冬舎発売,24,バーズコミックス　ルチルコレクション,六月の七星（５）,カスカベアキラ,770,
幻冬舎コミックス発行／幻冬舎発売,24,バーズコミックス　ルチルコレクション,ピカピカスローライフ（１）,山本小鉄子,770,
幻冬舎コミックス発行／幻冬舎発売,24,バーズコミックス　ルチルコレクション,HANGER（４）　―執行人―,如月弘鷹,792,
光文社,13,熱帯COMICS,煙たい話（２）,林史也,880,
光文社,13,熱帯COMICS,オシバナ！（１）,志摩時緒,未定,
ゴルフダイジェスト社,1,,オーイ！とんぼ（43）,かわさき健／古沢優,660,
コスミック出版,16,Spicy Whip Comics,つかの間の恋人,りんこ／三原しらゆき,748,
コアマガジン,3,drap COMICS DX,彼の甘くない執心,八尾キツネノ,831,
コアマガジン,3,drap COMICS DX,月夜の獣とシナモンロール,ヤスエイ,831,
コアミックス,20,ゼノンコミックス,ちるらん　新撰組鎮魂歌（35）,橋本エイジ／梅村真也,726,
コアミックス,20,ゼノンコミックス,少年を飼う（５）,青井ぬゐ,704,
コアミックス,20,ゼノンコミックス,ネコの掟（２）,目黒川うな,704,
コアミックス,20,ゼノンコミックス,終末のワルキューレ（18）,アジチカ／梅村真也ほか,726,
コアミックス,20,ゼノンコミックス,終末のワルキューレ奇譚　ジャック・ザ・リッパーの事件簿（１）,イイヅカケイタ／終末のワルキューレ,748,
コアミックス,20,ゼノンコミックス,テンゲン英雄大戦（３）,坂ノ市クバル／裕本恭,726,
コアミックス,20,ゼノンコミックス,天狗祓の三兄弟（５）,晴川シンタ,726,
コアミックス,20,ゼノンコミックス,東京決闘環状戦（10）,山田俊明,726,
コアミックス,20,ゼノンコミックス,前田慶次　かぶき旅（12）,原哲夫／堀江信彦ほか,726,
コアミックス,20,ゼノンコミックス　タタン,断頭のアルカンジュ（３）,メイジメロウ／花林ソラ,704,
コアミックス,20,ゼノンコミックス　タタン,ガチ恋粘着獣　～ネット配信者の彼女になりたくて～（10）　初回限定版,星来,990,
英和出版社発行／三交社発売,7,ナナイロコミックス,即死と破滅の最弱魔術師（１）,亜行蓮／さみ,748,
英和出版社発行／三交社発売,10,デイジーコミックス,この恋、さくらいろ,小川春,781,
三交社,24,KiRcomics,あの夜に道連れ（上）,鷹,700,
三交社,24,ピンクシェリーコミックス,もう弟じゃないから、俺で感じて？イジワル執着系のずるい愛し方,梅乃梅／七原みさ,680,
メディアソフト発行／三交社発売,30,Charles Comics,ふたりのαに娶られて（上）,鈴代,770,
メディアソフト発行／三交社発売,30,Charles Comics,ふたりのαに娶られて（下）,鈴代,770,
メディアソフト発行／三交社発売,30,Charles Comics,Dom/SubユニバースBL（仮）,桐式トキコほか,968,
ジーオーティー,13,MeDu COMICS,ロード・オブ・ザ・ウェディング～勇者の婚活～（２）,隅ジダオ,770,
ジーオーティー,31,Bivy comic,イッて終わりなわけがない！　えちえち交際編,こめおかしぐ,847,
ジーオーティー,31,picn comics,全メ連dropOUT,やんちゃ,770,
主婦と生活社,3,PASH！コミックス,私魔王。──なぜか勇者に溺愛されています。（４）,柳矢真呂／ぷにちゃんほか,715,
主婦と生活社,3,PASH！コミックス,ループ8周目は幸せな人生を　～7周分の経験値と第三王女の『鑑定』で覚醒した俺は、相棒のベヒーモスとともに無双する～（４）,夏目りく／すかいふぁーむほか,715,
主婦と生活社,3,PASH！コミックス,ララのうた（１）,河野スイ,715,
少年画報社,9,YKコミックス,31歳地味眼鏡OLさん,新居さとし,759,
少年画報社,13,YKコミックス,外道の歌（15）,渡邊ダイスケ,759,
少年画報社,13,YKコミックス,勇者になれなかった俺は異世界で（８）（完）,倉田フラト／添宋,770,
少年画報社,13,にゃんCOMI,ねこぱんち　猫らんまん号,アンソロジー,548,
少年画報社,13,ねこぱんちコミックス,じっちゃんと猫の住む街　母に断捨離されちゃった少年の田舎暮らし。（１）,ひぐちにちほ,869,
少年画報社,13,思い出食堂コミックス,シネマごはん　ふたたび,福丸やすこ,759,
少年画報社,15,YKコミックス,おくさん（20）,大井昌和,759,
少年画報社,27,YKコミックス,銭麻（２）,中田あも,759,
少年画報社,27,YKコミックス,ハンバーガーちゃん異世界転生絵日記（１）,ハンバーガー,968,
少年画報社,27,YKコミックス,レリック／アンダーグラウンド　最強の“失せ物探し”パーティー、ダンジョンの罪を裁く（２）,藤原祐／苺野しずく,759,
少年画報社,27,YKコミックス,女刑事と犯人の乙女ゲー転生　～目標は攻略対象の中～（１）,紗与イチ,759,
少年画報社,27,YKコミックス,魔女と暮らす迷いの森（１）,五十嵐藍,759,
少年画報社,30,YKコミックス,みそララ＋（３）,宮原るり,759,
少年画報社,30,YKコミックス,みそララ＋（４）,宮原るり,759,
新書館,1,ディアプラス・コミックス,高嶺の花は、乱されたい（２）,左京亜也,759,
新書館,1,ディアプラス・コミックス,リミットハニー（５）,七瀬,759,
新書館,1,ディアプラス・コミックス,溺れる灰被り,かさいちあき,759,
新書館,1,ディアプラス・コミックス,フェイク・ファミリー（上）,ひつじま羊,759,
新書館,1,ディアプラス・コミックス,フェイク・ファミリー（下）,ひつじま羊,759,
新書館,下,ウィングス・コミックス,逢魔ヶ時行方知れず（１）,小松松子,770,
ジュネット,17,ジュネットコミックス／ピアスシリーズ,インキュバスアイドル、初めて恋に落ちました,アカギギショウ,770,
新潮社,9,バンチコミックス,サイバーパンク桃太郎,Ｒｏｏｔｐｏｒｔ,1430,
新潮社,9,バンチコミックス,君に会いたい（２）,売野機子,726,
新潮社,9,バンチコミックス,プロレス保健室（２）,坂入カツユキ,726,
新潮社,9,バンチコミックス,ならずもの恋慕（２）,やまだはるか,726,
新潮社,9,バンチコミックス,全裸監督　村西とおる伝（３）（完）,須本壮一／本橋信宏,814,
新潮社,9,バンチコミックス,東京トイボクシーズ（４）,うめ,770,
新潮社,9,バンチコミックス,東京トイボクシーズ（５）（完）,うめ,770,
新潮社,9,バンチコミックス,BTOOOM！　U‐18（６）（完）,井上淳哉／伊藤洋樹,814,
新潮社,9,バンチコミックス,怪獣自衛隊（11）,井上淳哉／白土晴一,748,
新潮社,9,バンチコミックス,今日から始める幼なじみ（６）,帯屋ミドリ,726,
新潮社,9,バンチコミックス,傾国の仕立て屋　ローズ・ベルタン（８）,磯見仁月,792,
新潮社,9,バンチコミックス,応天の門（17）,灰原薬,704,
実業之日本社,16,,特別じゃない日　一緒に食べよう,稲空穂,990,
ジャイブ,1,ネクストFコミックス,騎士嬢エルシリア（２）,神月凛,681,
小学館クリエイティブ,9,donna COMICS,木更津くんの××が見たい（７）,萩原ケイク,770,
小学館クリエイティブ,13,ヒーローズコミックス,ミラーマン2D（３）,久正人／円谷プロダクション,未定,
小学館クリエイティブ,29,ヒーローズコミックス,ハナビちゃんは遅れがち（６）,白金らんぷ／まみむほか,未定,
小学館クリエイティブ,29,ヒーローズコミックス,アトム　ザ・ビギニング（18）,手塚治虫／ゆうきまさみほか,未定,
小学館クリエイティブ,29,ヒーローズコミックス　ふらっと,異世界プリンスのお気に入り（１）,ぱんこ。,未定,
小学館クリエイティブ,29,ヒーローズコミックス　ふらっと,にがくてあまい　―refrain―（６）,小林ユミヲ,715,
小学館クリエイティブ,29,ヒーローズコミックス　ふらっと,今日から未来（４）（完）,吉富昭仁,715,
小学館クリエイティブ,29,ヒーローズコミックス　わいるど,足が早いイワシと私　～河野別荘地短編集～（１）,河野別荘地,未定,
小学館クリエイティブ,29,ヒーローズコミックス　わいるど,ねこのおしごと（１）,ぱんだにあ,未定,
小学館クリエイティブ,29,ヒーローズコミックス　わいるど,神無き世界のおねーちゃん活動（１）,朱白あおい／村田真哉ほか,未定,
ジーウォーク,28,ムーグコミックス／BF Series,快楽に堕ち君色に染まる,圷ヒナタ,800,
祥伝社,8,Fcswing,転がる女と恋の沼（２）,芥文絵,858,
祥伝社,8,Fcswing,再生のウズメ（１）,天堂きりん,858,
祥伝社,8,フィールコミックス,パリパリ伝説（11）,かわかみじゅんこ,1012,
祥伝社,25,オンブルーコミックス,偏愛ドラマティック・モンスター,ハルモト紺,858,
祥伝社,25,オンブルーコミックス,イキガミとドナー　二人のイキガミ（上）,山中ヒコ,880,
祥伝社,25,オンブルーコミックス,イキガミとドナー　二人のイキガミ（下）,山中ヒコ,836,
祥伝社,25,オンブルーコミックス,服従と甘噛み（２）,志木見ビビ,858,
祥伝社,25,メルトコミックス,おくちがエッチな弱点だって、ライバルのエリート同僚にバレてしまいました（２）,あわいぽっぽ,770,
祥伝社,25,メルトコミックス,指先で溺愛革命、起こしませんか？（１）　～謎の独身貴族に彼氏宣言されました～,真山しん,770,
シュークリーム,7,from RED comics,かわいいよ、義兄さん,毒液,880,
スターツ出版,23,グラストCOMICS,不運からの最強男（３）,中林ずん／フクフク,715,
スターツ出版,23,グラストCOMICS,魔界で育てられた少年、生まれて初めての人間界で無双する～魔界の常識で生きてたら、気付けば人類最強になっていた～（１）,河原夏翔／九頭七尾,715,
スターツ出版,23,グラストCOMICS,勇者パーティーをクビになった忍者、忍ばずに生きます（４）,ゼロハチネット／いちまる,715,
スターツ出版,23,グラストCOMICS,転生先は回復の泉の中～苦しくても死ねない地獄を乗り越えた俺は世界最強～（４）,柊木蓮／蒼葉ゆう,715,
青泉社,20,LGAコミックス,文鳥様と私（23）,今市子,880,
秋水社発行／青泉社発売,25,秋水デジタルコミックス／BLシリーズ,溺愛αと野良Ωの結婚,銀川ケイ,770,
秋水社発行／青泉社発売,25,秋水デジタルコミックス／BLシリーズ,大正仮初婚　初夜編,楠田らら,770,
秋水社発行／青泉社発売,25,秋水デジタルコミックス／YLシリーズ,嫌われ王女は獣王様のお気に入り（１）　毒姫がリセットした人生で溺愛されます,ヒマワリソウヤ／今井真椎,770,
秋水社発行／青泉社発売,25,秋水デジタルコミックス／YLシリーズ,僕の可愛い婚約者の為ならば。（２）,三槻ぱぶろ／ユウキ,770,
アルファポリス発行／星雲社発売,1,アルファポリスCOMICS,前世で辛い思いをしたので、神様が謝罪に来ました（３）,五月紅葉／初昔茶ノ介,748,
アルファポリス発行／星雲社発売,1,アルファポリスCOMICS,転生幼女はお詫びチートで異世界ごーいんぐまいうぇい（１）,水谷クロ／高木コン,748,
アルファポリス発行／星雲社発売,1,レジーナCOMICS,悪役令嬢だそうですが、攻略対象その5以外は興味ありません（２）,タロコ／千遊雲,748,
アルファポリス発行／星雲社発売,1,レジーナCOMICS,詐騎士（12）,麻菜摘／かいとーこ,748,
アルファポリス発行／星雲社発売,15,エタニティCOMICS,孤高のCEOと子作りすることになりました！,乃斗ナツオ／吉桜美貴,704,
彗星社発行／星雲社発売,17,Clair TLcomics,勤務時間外、隣人の上司はケモノになる。（５）,九重千花,748,
彗星社発行／星雲社発売,17,Clair TLcomics,逃げんなよ、奥さん。～カラダで繋がる、ウソ婚夫婦！？（２）,藍沢ミキ,748,
彗星社発行／星雲社発売,17,Clair TLcomics,何度抱かれたって、好きになんかならないよ。,宮越和草,748,
彗星社発行／星雲社発売,17,Clair TLcomics,甘やかし伯爵と捨てられ少女～抱いてください旦那さま～,三夏,748,
彗星社発行／星雲社発売,17,Clair TLcomics,漣蒼士に処女を捧ぐ～さあ、じっくり愛でましょうか（３）,村上晶,748,
彗星社発行／星雲社発売,17,Continuer.,いとしい君との初夜事情。,木田さっつ,748,
彗星社発行／星雲社発売,17,Glanz BLcomics,巨人族の花嫁（５）,ＩＴＫＺ,748,
アルファポリス発行／星雲社発売,24,アルファポリスCOMICS,【創造魔法】を覚えて、万能で最強になりました。（１）　クラスから追放した奴らは、そこらへんの草でも食ってろ！,じょんたろう／久乃川あずき,748,
アルファポリス発行／星雲社発売,24,アルファポリスCOMICS,えっ、能力なしでパーティ追放された俺が全属性魔法使い！？（１）,目楼保／たかたちひろ,748,
アルファポリス発行／星雲社発売,24,アルファポリスCOMICS,ハズレ属性土魔法のせいで辺境に追放されたので、ガンガン領地開拓します！（１）,Ｕｔａｈ／潮ノ海月,748,
アルファポリス発行／星雲社発売,24,アルファポリスCOMICS,異世界じゃスローライフはままならない～聖獣の主人は島育ち～（１）,ひなた丸だいや／夏柿シン,748,
アルファポリス発行／星雲社発売,24,アルファポリスCOMICS,異世界ゆるり紀行～子育てしながら冒険者します～（７）,みずなともみ／水無月静琉,748,
アルファポリス発行／星雲社発売,24,アルファポリスCOMICS,四十路のおっさん、神様からチート能力を9個もらう（２）,鈴木魚／霧兎,748,
アルファポリス発行／星雲社発売,24,アルファポリスCOMICS,獣医さんのお仕事　in異世界（８）,ｈｕ－ｋｏ／蒼空チョコ,748,
アルファポリス発行／星雲社発売,24,アルファポリスCOMICS,神様に加護2人分貰いました（６）,吉祥寺笑／琳太,748,
アルファポリス発行／星雲社発売,24,アルファポリスCOMICS,水しか出ない神具【コップ】を授かった僕は、不毛の領地で好きに生きる事にしました（４）,則本ちまき／長尾隆生,748,
アルファポリス発行／星雲社発売,24,アルファポリスCOMICS,素材採取家の異世界旅行記（６）,ともぞ／木乃子増緒,748,
アルファポリス発行／星雲社発売,30,アルファノルンCOMICS,あやかし鬼嫁婚姻譚（１）,七里ベティ／朧月あき,748,
アルファポリス発行／星雲社発売,30,アルファノルンCOMICS,みなそこに澄む世界（２）,浅見ヒッポ,748,
アルファポリス発行／星雲社発売,30,アルファノルンCOMICS,今日から、契約家族はじめます（１）,若村まいこ／浅名ゆうな,748,
アルファポリス発行／星雲社発売,30,レジーナCOMICS,メイドから母になりました（10）,月本飛鳥／夕月星夜,748,
アルファポリス発行／星雲社発売,30,レジーナCOMICS,華麗に離縁してみせますわ！（１）,あばたも／白乃いちじく,748,
アルファポリス発行／星雲社発売,30,レジーナCOMICS,婚約破棄で追放されて、幸せな日々を過ごす。……え？　私が世界に一人しか居ない水の聖女？　あ、今更泣きつかれても、知りませんけど？（１）,不二原理夏／末松樹,748,
アルファポリス発行／星雲社発売,30,レジーナCOMICS,最後にひとつだけお願いしてもよろしいでしょうか（７）,ほおのきソラ／鳳ナナ,748,
アルファポリス発行／星雲社発売,30,レジーナCOMICS,転移先は薬師が少ない世界でした（３）,夏野はるお／饕餮,748,
アルファポリス発行／星雲社発売,30,レジーナCOMICS,転生ババァは見過ごせない！（３）　元悪徳女帝の二周目ライフ,文月路亜／ナカノムラアヤスケ,748,
東京漫画社,24,マーブルコミックス,DoubleFace Affair,安滋かづ,760,
SBクリエイティブ,15,GAコミック,いたずらな君にマスク越しでも恋を撃ち抜かれた（コミック）（１）,モトカズ／星奏なつめほか,693,
SBクリエイティブ,15,GAコミック,クラスのぼっちギャルをお持ち帰りして清楚系美人にしてやった話（コミック）（１）,七々瀬一／柚本悠斗ほか,693,
アース・スターエンターテイメント,10,アース・スター　コミックス,生贄第二皇女の困惑　～人質の姫君、敵国で知の才媛として大歓迎を受ける～（２）,水谷悠珠／かえで透ほか,660,
アース・スターエンターテイメント,10,アース・スター　コミックス,無自覚聖女は今日も無意識に力を垂れ流す　～公爵家の落ちこぼれ令嬢、嫁ぎ先で幸せを掴み取る～（２）,えとうヨナ／あーもんどほか,660,
アース・スターエンターテイメント,10,アース・スター　コミックス,贅沢三昧したいのです！～貧乏領地の魔法改革　悪役令嬢なんてなりません！～（２）,木虎こん／みわかずほか,660,
アース・スターエンターテイメント,10,アース・スター　コミックス,黒歴史大決戦（２）（完）,竹澤香介,660,
アース・スターエンターテイメント,10,アース・スター　コミックス,信長未満　―転生光秀が倒せない―（２）（完）,橋元大河,660,
アース・スターエンターテイメント,10,アース・スター　コミックス,異世界に転移したら山の中だった。反動で強さよりも快適さを選びました。（３）,蔦屋空／じゃがバター（ツギクルブックス）ほか,660,
アース・スターエンターテイメント,10,アース・スター　コミックス,転生してから40年。そろそろ、おじさんも恋がしたい。　二度目の人生はハーレムルート！？（５）,えむあ／清露ほか,660,
アース・スターエンターテイメント,10,アース・スター　コミックス,転生したらドラゴンの卵だった～イバラのドラゴンロード～（６）,ＲＩＯ／猫子ほか,660,
アース・スターエンターテイメント,10,アース・スター　コミックス,悠久の愚者アズリーの、賢者のすゝめ　と、ポチの大冒険（９）,荒木風羽／壱弐参ほか,660,
アース・スターエンターテイメント,10,アース・スター　コミックス,戦国小町苦労譚　 乱世を照らす宰相（13）,沢田一／夾竹桃ほか,660,
アース・スターエンターテイメント,10,アース・スター　コミックス,戦鬼と呼ばれた男、王家に暗殺されたら娘を拾い、一緒にスローライフをはじめる　innocent days（５）,田野かかし／ハーーナ殿下ほか,660,
大洋図書,1,H＆C Comics／CRAFTシリーズ,人生はバラ色か（１）,山本小鉄子,803,
大洋図書,1,H＆C Comics／ihr HertZシリーズ,囀る鳥は羽ばたかない（８）,ヨネダコウ,803,
竹書房,1,近代麻雀コミックス,むこうぶち（59）,天獅子悦也,792,
竹書房,3,バンブーコミックス　潤恋オトナセレクション,ロマンティックを夢見て何が悪い（１）,ふじや奈央,781,
竹書房,3,バンブーコミックス　潤恋オトナセレクション,ロマンティックを夢見て何が悪い（２）,ふじや奈央,781,
竹書房,7,バンブーコミックス,嫌われ勇者を演じた俺は、なぜかラスボスに好かれて一緒に生活してます！（４）（完）,らいと／貞清カズヒコ,803,
竹書房,7,バンブーコミックス　WINセレクション,異世界レシピ　ニッポンの家庭料理に魔法使いと狂戦士が挑んでみた（２）（完）,河田ひより,781,
竹書房,15,バンブーコミックス　潤恋オトナセレクション,ロマンティックを夢見て何が悪い（３）,ふじや奈央,781,
竹書房,15,バンブーコミックス　恋パラコレクションDX,異世界で愛され姫になったら現実が変わりはじめました。（上）,澤村鞠子／兎山もなか,748,
竹書房,15,バンブーコミックス　恋パラコレクションDX,異世界で愛され姫になったら現実が変わりはじめました。（下）,澤村鞠子／兎山もなか,759,
竹書房,16,バンブーコミックス,約束の場所へ　～或る少女の供述～（２）,Ｍｏａｉｄｅａｓ・張恆／ｍｏｎｏｎｏｆｕ,759,
竹書房,16,バンブーコミックス,エロゲの竿おじさんに転生してしまった（２）,コア助／トリアイナ,781,
竹書房,16,バンブーコミックス,31番目のユーリ（２）,くりきまる,803,
竹書房,16,バンブーコミックス,魔法少女にあこがれて（９）,小野中彰大,803,
竹書房,16,バンブーコミックス,お姉さんは女子小学生に興味があります。（９）,柚木涼太,781,
竹書房,16,バンブーコミックス,ときめけ魔法幼女ココピュア（１）,柚木涼太,803,
竹書房,16,バンブーコミックス,他人には見えないお料理の先生（２）,榊こつぶ,803,
竹書房,16,バンブーコミックス,今日もカレーですか？（５）,藤川よつ葉／あづま笙子,803,
竹書房,16,バンブーコミックス,里見☆八犬伝REBOOT（13）（完）,よしむらなつき,825,
竹書房,16,バンブーコミックス,スパロウズホテル（13）,山東ユカ,913,
竹書房,16,バンブーコミックス,だもんで豊橋が好きって言っとるじゃん！（５）,佐野妙,990,
竹書房,16,バンブーコミックス,恋愛感情のまるでない幼馴染漫画（５）,渡井亘,913,
竹書房,16,バンブーコミックス　Qpaコレクション,恋心にとろける一滴,灰崎めじろ,792,
竹書房,16,バンブーコミックス　Qpaコレクション,星を掴まえる,宇野ユキアキ,869,
竹書房,16,バンブーコミックス　Qpaコレクション,ロストバージン　how to sex（下）,那木渡,792,
竹書房,16,バンブーコミックス　Qpaコレクション,淫魔くんデリバリー,おわる,792,
竹書房,27,バンブーコミックス,チート転生した猫は嫁の膝で丸くなりたい（３）,樹るう,946,
竹書房,27,バンブーコミックス　麗人セレクション,我が恋はしのぶれど（上）,五月女えむ,792,
竹書房,27,バンブーコミックス　麗人セレクション,我が恋はしのぶれど（下）,五月女えむ,792,
竹書房,27,バンブーコミックス　麗人セレクション,アクロマティック・ワンダーラブ,ｅｃｈｏ,803,
竹書房,30,バンブーコミックス　moment,君とじゃなきゃ恋もできない,春野なぎ,836,
竹書房,31,,Qpano sunny spring 2023,はらだほか,1089,
大都社,13,DaitoComics／TLシリーズ,ふしだらな純愛（１）　だから今日も愛欲に溺れる,維眞蜜水,770,
大都社,13,DaitoComics／TLシリーズ,転生美女と夜が野獣王子（３）,春野さく,770,
大都社,13,DaitoComics／TLシリーズ,脱いだら絶倫！？（７）　身体の相性で結ぶ契約婚,嶋永のの,715,
大都社,25,DaitoComics／BLシリーズ,入った銭湯で恋人できました,神林タカキ,770,
大都社,25,DaitoComics／YLシリーズ,偽装彼氏は年上おじさま（１）,望月蜜桃,770,
大都社,25,DaitoComics／ペットシリーズ,毎日猫まみれ　幸せ多猫暮らし,熊沢楓,990,
大都社,25,DaitoComics／マカロンリンクスBLシリーズ,キュートアグレッションセラピー,一等米,836,
大都社,25,DaitoComics／マカロンリンクスBLシリーズ,マッドなαはモルモットに恋をする,中丸たぐる,990,
宝島社,13,このマンガがすごい！comics,最近の人類は魔王をナメている,木口なん／夕霧ほか,790,
宝島社,13,このマンガがすごい！comics,転生して田舎でスローライフをおくりたい（10）,小杉繭／錬金王ほか,770,
大誠社,10,,離縁は致しかねます！（４）,山口恵,700,
大誠社,10,,棺を開けたら恋が始まる,茶渡ロメ男,800,
TOブックス,1,コロナ・コミックス,薬の魔物の解雇理由＠COMIC（１）,真丸イノ,704,
TOブックス,1,コロナ・コミックス,元公爵令嬢の就職＠COMIC（５）,森野眠子,704,
TOブックス,1,コロナ・コミックス,没落予定の貴族だけど、暇だったから魔法を極めてみた＠COMIC（６）,秋咲りお,704,
TOブックス,1,コロナ・コミックス,今日も絵に描いた餅が美味い＠COMIC（３）,梅渡飛鳥,704,
TOブックス,15,コロナ・コミックス,最愛のお姉様が悪役令嬢だったので、神が定めた運命（シナリオ）に抗います（１）,こわたりひろ,704,
TOブックス,15,コロナ・コミックス,聖女、勇者パーティーから解雇されたのでギルドを作ったらアットホームな最強ギルドに育ちました。＠COMIC（３）,わかば,704,
TOブックス,15,コロナ・コミックス,大賢者の愛弟子～防御魔法のススメ～＠COMIC（４）,ａｂｕａ,704,
TOブックス,15,,冥王様が通るのですよ！＠COMIC（２）,苫ゆぎまる,704,
徳間書店,13,リュウコミックス,マザーグール（９）,菅原キク,792,
徳間書店,13,リュウコミックス,誰何Suika（２）,つばな,792,
徳間書店,13,リュウコミックス,魔女のやさしい葬列（４）（完）,黒釜ナオ,990,
徳間書店,13,リュウコミックス,ZINGNIZE（９）,わらいなく,792,
徳間書店,25,Charaコミックス,リブート（上）,いちかわ壱,748,
徳間書店,25,Charaコミックス,リブート（下）,いちかわ壱,748,
徳間書店,25,Charaコミックス,噛み痕とフローライト,柳瀬せの,770,
徳間書店,25,Charaコミックス,猫かぶり王子と腹黒王子,水名瀬雅良,748,
日本文芸社,9,ニチブン・コミックス,ヤミナベ～占領下日本敗残兵物語～（１）,清澄炯一／軍事法規研究会先任研究員　大木浩明,814,
日本文芸社,9,ニチブン・コミックス,ブラッディ・アイ－晒されてシネ－（１）,古賀慶／嵐山のり,814,
日本文芸社,17,ニチブン・コミックス,江戸前の旬（117）,九十九森／さとう輝,814,
日本文芸社,17,ニチブン・コミックス,ラクガキ～呪いの館～（３）,志名坂高次／粂田晃宏,814,
日本文芸社,17,ニチブン・コミックス,白竜HADOU（32）,天王寺大／渡辺みちお,814,
日本文芸社,29,comicフレーバーズ,シュルスの魔女（８）,小田原みづえ,825,
日本文芸社,29,コミックヘヴン,天空の扉（18）,ＫＡＫＥＲＵ,814,
日本文芸社,29,ニチブン・コミックス,オーラス　―裏道の柳―（１）,押川雲太朗／嶺岸信明,814,
日本文芸社,29,ニチブン・コミックス,警部補ダイマジン（16）,リチャード・ウー／コウノコウジ,825,
日本文芸社,29,ニチブン・コミックス,鬼ゴロシ（10）,河部真道,825,
日本文芸社,29,ニチブン・コミックス,～銀牙少年伝説～ドッグデイズ　―ロクとボクの一番熱かった日々―（２）,高橋よしひろ,814,
日本文芸社,29,ニチブン・コミックス,隣人X（６）,楠本哲,836,
日本文芸社,29,ニチブン・コミックス,ストーカー失格（１）,梶原如来／島崎康行,814,
モバイルメディアリサーチ発行／日販アイ・ピー・エス発売,17,caramelコミックス,闇金紳士のキケンな悪癖,さとう蜂子,825,
モバイルメディアリサーチ発行／日販アイ・ピー・エス発売,17,caramelコミックス,ヤンキーΩは獣王様のもの！（３）（完）,九マ５６４,825,
ファンギルド発行／日販アイ・ピー・エス発売,17,コミックアウル,ニューノーマル（４）,相原瑛人,825,
モバイルメディアリサーチ発行／日販アイ・ピー・エス発売,17,ラブきゅんcomic,俺を、たたせてみろよ（６）（完）,嶋永のの,825,
Jパブリッシング,17,FK comics,異世界トリップの脇役だった件　アヤメ編（１）,椎名咲月／葉月クロル,770,
Jパブリッシング,17,スフレコミックス,この男は人生最大の過ちです（８）,九瀬しき,770,
Jパブリッシング,20,G-Lish Comics,俺のパンツが人質にとられています【新装版】,春田,770,
Jパブリッシング,20,G-Lish Comics,1/fブルーノイズ,刹那魁,770,
Jパブリッシング,24,arca comics,さがしものはキミですか,野津ウドン,770,
Jパブリッシング,24,arca comics,キャント・ヘルプ・フォーリンラブ,ｋａｎｉｐａｎ,825,
ハーパーコリンズ・ジャパン,2,ハーレクインコミックスCM／ハーレクインコミックス,億万長者の非情な提案,横井里奈／トレイシー・ウルフ,690,
ハーパーコリンズ・ジャパン,2,ハーレクインコミックスCM／ハーレクインコミックス,悪魔と呼ばれた大富豪,ながさわさとる／マヤ・ブレイク,690,
ハーパーコリンズ・ジャパン,2,ハーレクインコミックスCM／ハーレクインコミックス,駆け引きは億万長者と,藤原基央／ジェニファー・ルイス,690,
ハーパーコリンズ・ジャパン,2,ハーレクインコミックスCM／ハーレクインコミックス,許されぬ結婚,水沢友希／ヘレン・ブルックス,690,
ハーパーコリンズ・ジャパン,2,ハーレクインコミックスCM／ハーレクインコミックス,秘密の小さな姫君,松尾しより／ミシェル・コンダー,690,
ハーパーコリンズ・ジャパン,2,ハーレクインコミックスCM／ハーレクインコミックス,拾われた1ペニーの花嫁,橋本多佳子／カーラ・ケリー,690,
ハーパーコリンズ・ジャパン,9,ハーレクインコミックス・キララCMK／ハーレクインコミックス・キララ,暗闇のオアシス,小林博美／ヘレン・ブルックス,690,
ハーパーコリンズ・ジャパン,9,ハーレクインコミックス・キララCMK／ハーレクインコミックス・キララ,カリブで見た夢,日高七緒／モーリーン・チャイルド,690,
ハーパーコリンズ・ジャパン,9,ハーレクインコミックス・キララCMK／ハーレクインコミックス・キララ,エスタンシアの雄牛,七星紗英／ペニー・ジョーダン,690,
ハーパーコリンズ・ジャパン,9,ハーレクインコミックス・キララCMK／ハーレクインコミックス・キララ,このプロポーズは運命？,曜名／レニー・ローゼル,690,
ハーパーコリンズ・ジャパン,13,ルネッタコミックスCMLB／ルネッタコミックス,渇欲　愛を求め、淫らに堕ちる,井崎たくみ／宇奈月香,699,
ハーパーコリンズ・ジャパン,17,プティルコミックスCMPTR／プティルコミックス,椎名さん、沼ってます。（１）,あめこ,790,
ハーパーコリンズ・ジャパン,17,プティルコミックスCMPTR／プティルコミックス,初恋事変（１）,深原にな,748,
ハーパーコリンズ・ジャパン,17,マーマレードコミックスCMMBL／マーマレードコミックス,身ごもり契約花嫁～ご執心社長に買われて愛を孕みました～（２）,秋月綾／砂川雨路,693,
ハーパーコリンズ・ジャパン,17,マーマレードコミックスCMMBL／マーマレードコミックス,溺甘クルーズ～御曹司は身代わり婚約者に夢中です～（２）,しげまつ貴子／若菜モモ,693,
ハーパーコリンズ・ジャパン,17,マーマレードコミックスCMMBL／マーマレードコミックス,完璧上司は溺愛中毒～今日もひたすら甘く誘惑されてます～（１）,宇野リッカ／高田ちさき,693,
ハーパーコリンズ・ジャパン,17,乙女ドルチェ・コミックスCMOD／乙女ドルチェ・コミックス,お義兄さまとは呼べません！～御曹司と溺愛同居～,杠野水春／玉紀直,693,
ハーパーコリンズ・ジャパン,17,乙女ドルチェ・コミックスCMOD／乙女ドルチェ・コミックス,鬼の恋煩い～寵嫁は無垢な愛に溺れる～,貴咲光流／桃城猫緒,693,
一二三書房,3,ラワーレコミックス＋,婚約を破棄された悪役令嬢は荒野に生きる。（１）,吉井あん／中野るりほか,1045,
双葉社,9,アクションコミックス／（月刊アクション）,キメラプロジェクト：ゼロ（２）,ひつじロボ／悠木碧／キメラプロジェクト,704,
双葉社,9,アクションコミックス／（月刊アクション）,ヒナのままじゃだめですか？（１）,倉地千尋,715,
双葉社,9,アクションコミックス／（月刊アクション）,はじめてのお嬢様（１）,橙夏りり,715,
双葉社,9,アクションコミックス／（月刊アクション）,小林さんちのメイドラゴン　お篭りぐらしのファフニール（３）,ノブヨシ侍／クール教信者,682,
双葉社,9,アクションコミックス／（月刊アクション）,ピーター・グリルと賢者の時間（12）,檜山大輔,715,
双葉社,9,アクションコミックス／（月刊アクション）,しゅうまつの小日向さん（３）（完）,有田イマリ／ぽち,682,
双葉社,9,アクションコミックス／（月刊アクション）,うちのメイドがウザすぎる！（10）（完）,中村カンコ,704,
双葉社,10,チルシェコミックス,舌先から恋（１）,百瀬あん,792,
双葉社,10,モンスターコミックスf,怒った聖女は一人で魔王を倒したい（１）,紺子ゆきめ／櫻井るな,748,
双葉社,10,モンスターコミックスf,シンデレラの姉ですが、不本意ながら王子と結婚することになりました～身代わり王太子妃は離宮でスローライフを満喫する～（１）,チドリアシ／柚子れもん,748,
双葉社,10,モンスターコミックスf,淑女の鑑やめました。時を逆行した公爵令嬢は、わがままな妹に振り回されないよう性格悪く生き延びます！（２）,林倉吉／糸加,748,
双葉社,10,モンスターコミックスf,売られた辺境伯令嬢は隣国の王太子に溺愛される（３）,小椋あん／ＣＯＭＩＣ　ＲＯＯＭ,748,
双葉社,10,モンスターコミックスf,薬屋経営してみたら、利益が恐ろしいことになりました～平民だからと追放された元宮廷錬金術士の物語～（３）,樋木ゆいち／まいか（ツギクル）,748,
双葉社,10,モンスターコミックスf,間違いで求婚された女は一年後離縁される（３）,ほいっぷくりーむ／ヤマトミライ,748,
双葉社,10,モンスターコミックスf,転生令嬢は逃げ出した森の中、スキルを駆使して潜伏生活を満喫する（４）,七瀬真／灰羽アリス（ツギクル）,748,
双葉社,10,モンスターコミックスf,わたし、聖女じゃありませんから（４）,さとうしらたま／長月おと,748,
双葉社,10,モンスターコミックスf,前世、弟子に殺された魔女ですが、呪われた弟子に会いに行きます（３）（完）,湯土ゆず／沢野いずみ,792,
双葉社,15,モンスターコミックス,追放おっさん冒険者（37）…実はパーティメンバーにヤバいほど慕われていた（１）,勇希ギンモ／秋月静流,748,
双葉社,15,モンスターコミックス,宝くじが当たったのでレベル1から聖剣を買ってみる（２）,あたりめ／羽田遼亮,748,
双葉社,15,モンスターコミックス,転生先が残念王子だった件～今は腹筋1回もできないけど痩せて異世界救います～（４）,らた／回復師,748,
双葉社,15,モンスターコミックス,ハズレ判定から始まったチート魔術士生活（６）,伊恵中二／篠浦知螺,748,
双葉社,15,モンスターコミックス,進化の実～知らないうちに勝ち組人生～（９）,そらの／美紅,748,
双葉社,15,,鬼人幻燈抄（４）,里見有／中西モトオ,715,
双葉社,16,アクションコミックス,あなたがしてくれなくても（10）,ハルノ晴,726,
双葉社,16,アクションコミックス,彩香ちゃんは弘子先輩に恋してる（３）（完）,Ｓａｌ　Ｊｉａｎｇ,770,
双葉社,16,ジュールコミックス,Let’s豪徳寺！SECOND（７）,庄司陽子,836,
双葉社,16,ジュールコミックス,グランマの憂鬱（11）,高口里純,792,
双葉社,16,ジュールコミックス,セフレの品格～S-friendsⅡ～（９）（完）,湊よりこ,792,
双葉社,28,アクションコミックス,DOCTOR PRICE（１）,有柚まさき／逆津ツカサ,704,
双葉社,28,アクションコミックス,きみは謎解きのマシェリ（４）,糸なつみ,704,
双葉社,28,アクションコミックス,Odds VS！（29）,石渡治,704,
双葉社,28,アクションコミックス,レイラの保護者はバンドマン！（２）（完）,灰音アサナ,704,
双葉社,28,アクションコミックス,おるちゅばんエビちゅ　ちゅ～（２）,伊藤理佐,924,
双葉社,28,アクションコミックス,おるちゅばんエビちゅ　ちゅ～（３）（完）,伊藤理佐,924,
双葉社,28,アクションコミックス／（月刊アクション）,京都寺町三条のホームズ（11）,秋月壱葉／望月麻衣,704,
双葉社,30,モンスターコミックス,おい、外れスキルだと思われていた《チートコード操作》が化け物すぎるんだが。（２）,友吉／どまどま,748,
双葉社,30,モンスターコミックス,転生したら平民でした。～生活水準に耐えられないので貴族を目指します～（２）,須藤怜／蒼井美紗,748,
双葉社,30,モンスターコミックス,異世界召喚は二度目です（９）,嵐山／岸本和葉,748,
双葉社,30,モンスターコミックス,農民関連のスキルばっか上げてたら何故か強くなった。（10）,樽戸アキ／しょぼんぬ,748,
双葉社,30,モンスターコミックス,必勝ダンジョン運営方法（10）,松波留美／雪だるま,748,
双葉社,30,モンスターコミックス,万能スキル『調味料作成』で異世界を生き抜きます！（３）（完）,天栗めし子／あろえ,748,
双葉社,30,,谷口ジローコレクション　【第三期】シートン　旅するナチュラリスト　第2章　少年とオオヤマネコ,谷口ジロー／今泉吉晴,4290,
双葉社,30,,透明男と人間女～そのうち夫婦になるふたり～（３）,岩飛猫,990,
二見書房,24,シャレードコミックス,身代わりアルファと奇跡の子　～赤い薔薇と苺シロップ～,篁ふみ／華藤えれな,748,
フロンティアワークス,10,アリアンローズコミックス,目指す地位は縁の下。（２）,中島四貴／ビス,693,
フロンティアワークス,15,リラクトコミックス　Hugピクシブシリーズ,転校生が推し声優だった話（１）,ミリグラム,704,
フロンティアワークス,17,FWコミックス,転生したら小魚だったけど龍になれるらしいので頑張ります（２）,のね／真打,693,
フロンティアワークス,17,FWコミックスオルタ,お茶屋さんは賢者見習い（１）,九堂絹／巴里の黒猫,748,
フロンティアワークス,22,ダリアコミックス,運命論者の恋愛マニュアル,イクヤス,770,
フロンティアワークス,22,ダリアコミックス,転生アイドルとドルオタの騎士,佐久本あゆ,803,
フロンティアワークス,22,ダリアコミックスユニ,夜画帳（４）,Ｂｙｅｏｎｄｕｃｋ,1100,
フレックスコミックス,10,メテオCOMICS,ざーこざこざこざこ先生（２）,ぜろよん,737,
フレックスコミックス,10,メテオCOMICS,白魔術師は勇者のレベルを上げたくない（４）（完）,桐江,770,
フレックスコミックス,10,メテオCOMICS,アラサーママの私でいいの？（４）,ねこ末端,737,
フレックスコミックス,15,ポラリスCOMICS,魔王おじさんと契約生活はじめました（３）（完）,藤井なお,825,
フレックスコミックス,15,ポラリスCOMICS,宮廷女官ミョンファ　太陽宮の影と運命の王妃（３）,斎賀菜月／小野はるかほか,770,
フレックスコミックス,15,ポラリスCOMICS,推しが我が家にやってきた！（８）,慎本真,737,
復刊ドットコム,2,,今 敏　MANGA選集（３）　海帰線　［ワイド版・生原稿ver.］　KAIKISEN,今敏,4620,
復刊ドットコム,22,,鉄人28号《オリジナル版》（12）,横山光輝,4950,
復刊ドットコム,22,,ビッグX 《オリジナル版》（１）,手塚治虫,7150,
プランタン出版発行／フランス書院発売,7,オパールCOMICS,天然な殺し屋さんと不運なお嫁さん（上）　（仮）,卯月たける,770,
プランタン出版発行／フランス書院発売,7,オパールCOMICS,天然な殺し屋さんと不運なお嫁さん（下）　（仮）,卯月たける,770,
プランタン出版発行／フランス書院発売,30,Canna Comics,モデルスケッチ　（仮）,どうざき,825,
プランタン出版発行／フランス書院発売,30,Canna Comics,BLACK BLOOD （仮）,琥狗ハヤテ,847,
ブライト出版,17,Tulle Comics,鮫は桜に恋をする,涼,730,
ブライト出版,17,ラブコフレコミックス,忍ぶ恋ほど　―好きすぎる旦那さまに溺愛されてます？―（３）,鶴来いちろ,800,
ブライト出版,17,ラブコフレコミックス,むちむち巨乳ちゃん、絶倫上司と秘密のナイトトレーニング,犬田かんこ,730,
ふゅーじょんぷろだくと,24,POE BACKS／ビー コミックス,深潭回廊（４）,永井三郎,770,
ふゅーじょんぷろだくと,24,POE BACKS／ビー コミックス,AandD（２）,新國みなみ,1361,
ふゅーじょんぷろだくと,24,POE BACKS／ベイビー コミックス,1オクターブのアイラブユー,コメダヨシヒサ,770,
ぶんか社,3,BKコミックス,雷霆の英雄と聖王子　謀略により追放された口下手な雷は、家族思いで不器用な王子を影から助ける（１）,大塩しおり／たけのこ,715,
ぶんか社,3,BKコミックス,二度追放された冒険者、激レアスキル駆使して美少女軍団を育成中！（２）,青木千尋／南野雪花,715,
ぶんか社,3,BKコミックスf,乙女ゲームの当て馬悪役令嬢は、王太子殿下の幸せを願います！（１）,なおやみか／ｗａｇａ,715,
ぶんか社,10,ぶんか社コミックス,オタクの魂100億まで,灰音アサナ,1100,
ぶんか社,16,ぶんか社コミックス,新・蒼太の包丁（６）,本庄敬／末田雄一郎,825,
ぶんか社,16,ぶんか社コミックス,部長と社畜の恋はもどかしい（７）,志茂,781,
ぶんか社,16,ぶんか社コミックス　COMICヤミツキSERIES,異常死体解剖ファイル（１）,石川オレオ／月桜しおり,759,
ぶんか社,16,ぶんか社コミックス　COMICヤミツキSERIES,異常死体解剖ファイル（２）,石川オレオ／月桜しおり,759,
ぶんか社,16,ぶんか社コミックス　PRIMO COMICS,君を知って花になる（１）,天凪かの,781,
ぶんか社,16,ぶんか社コミックス／蜜恋ティアラシリーズ,2LDKイケメン付き物件あります。～入社の条件がドS専務と同居なんて！～（６）,志連ユキ枝,770,
ぶんか社,16,ぶんか社コミックス／蜜恋ティアラシリーズ,16年、君を想うとこんなに大きく…♡～XLなエリート捜査官と契約結婚～（２）,小豆／青井千寿,770,
ぶんか社,16,ぶんか社コミックス／蜜恋ティアラシリーズ,隻眼公爵は、虐げられ令嬢を溺愛する,吉永みく,770,
ぶんか社,29,ぶんか社コミックス　Sgirl Selection,バディ婚　お前とヤりたい10のコト（下）,黒之響,781,
ぶんか社,29,ぶんか社コミックス　Sgirl Selection,犬飼さんは隠れ溺愛上司　※今夜だけは「好き」を我慢できません！（１）,いとすぎ常,792,
芳文社,1,芳文社コミックス／FUZコミックス,和服な上司がいとおしい（５）（完）,原田繭,748,
芳文社,1,芳文社コミックス／FUZコミックス,1Fの騎士（２）,たけうちホロウ,748,
芳文社,6,花音コミックス,ワイルドに魅せられて（上）,ほむらじいこ,770,
芳文社,6,花音コミックス,ワイルドに魅せられて（下）,ほむらじいこ,770,
芳文社,6,花音コミックス,うそつきβの運命の恋,尾野凛,792,
芳文社,7,まんがタイムコミックス,ミッドナイトレストラン　7to7（14）,胡桃ちの,792,
芳文社,7,まんがタイムコミックス,菓子男リノベーション（１）,胡桃ちの,825,
芳文社,7,まんがタイムコミックス,俺と式神の主従契約（１）,都ウト,792,
芳文社,10,まんがタイムKRコミックス／フォワードコミックス,マギアレコード　魔法少女まどか☆マギカ外伝（７）,Ｍａｇｉｃａ　Ｑｕａｒｔｅｔ／富士フジノ,781,
芳文社,10,まんがタイムKRコミックス／フォワードコミックス,音のレガート（３）,すいと,726,
芳文社,10,まんがタイムKRコミックス／フォワードコミックス,色んな女の子とキスをしていたら、百合キスに目覚めてしまいました…。（１）,ｂｅｔｏｃｋ,726,
芳文社,16,芳文社コミックス,信長のシェフ（34）,梶川卓郎,704,
芳文社,16,芳文社コミックス,ごほうびごはん（16）,こもとも子,704,
芳文社,16,芳文社コミックス,妻、小学生になる。（14）（完）,村田椰融,704,
芳文社,16,芳文社コミックス,そんな家族なら捨てちゃえば？（６）,村山渉,704,
芳文社,16,芳文社コミックス,パスタの流儀（５）（完）,花形怜／才谷ウメタロウ,704,
芳文社,16,芳文社コミックス,夜空のふたりキャンプごはん（１）,春露彗,704,
芳文社,27,まんがタイムKRコミックス,ゆゆ式（13）,三上小又,968,
芳文社,27,まんがタイムKRコミックス,こみっくがーるず（９）（完）,はんざわかおり,968,
芳文社,27,まんがタイムKRコミックス,こみっくがーるず画集　～あばばーさりー！～,はんざわかおり,3300,
芳文社,27,まんがタイムKRコミックス,ニチアサ以外はやってます！（２）（完）,猫にゃん,968,
芳文社,27,まんがタイムKRコミックス,異世界アイドル、推参です！（１）,椎野せら,968,
芳文社,27,まんがタイムKRコミックス,おねロリキャバクラ（１）,春日沙生,968,
芳文社,27,まんがタイムKRコミックス,SAN値直葬！闇バイト（１）,ムクロメ,968,
ホビージャパン,1,HJコミックス,アラフォーになった最強の英雄たち、再び戦場で無双する！！（１）,戸田泰成／岸馬きらく,748,
ホビージャパン,1,HJコミックス,インフィニット・デンドログラム（11）,今井神／海道左近,748,
ホビージャパン,1,HJコミックス,役立たずと言われ勇者パーティを追放された俺、最強スキル《弱点看破》が覚醒しました（１）,春夏冬唯人／迅空也,748,
ホビージャパン,1,HJコミックス,超！！！　天才発明令嬢のパワフル領地改革（１）,ｋａｔｏｓｏｎ／守雨,748,
ホビージャパン,1,HJコミックス,いっつも塩対応な幼なじみだけど、俺に片想いしているのがバレバレでかわいい。（２）,ミナミト／六升六郎太,748,
マイクロマガジン社,31,ライドコミックス,復讐完遂者の人生二周目異世界譚　THE COMIC（６）,サイトウミチ／御鷹穂積,748,
マイクロマガジン社,31,ライドコミックス,転生したら剣でした　Another Wish（６）,いのうえひなこ／棚架ユウ,748,
マイクロマガジン社,31,ライドコミックス,ご主人様とゆく異世界サバイバル！　THE COMIC（５）,ＳＡＳＡＹＵＫｉ／リュート,748,
マイクロマガジン社,31,ライドコミックス,真面目系天然令嬢は年下王子の想いに気づかない（２）,片町ひろ／柚子れもん,748,
マッグガーデン,10,BLADEコミックス,ゴーストアンドウィッチ（１）,ヤマザキコレ,726,
マッグガーデン,10,BLADEコミックス,魔法使いの嫁（19）,ヤマザキコレ,693,
マッグガーデン,10,BLADEコミックス,魔法使いの嫁　アニメ2期放送記念　10～12巻　学院編スターターパック,ヤマザキコレ,990,
マッグガーデン,10,BLADEコミックス,魔法使いの嫁　詩篇.108 魔術師の青（８）,ツクモイスオ／三田誠ほか,693,
マッグガーデン,10,BLADEコミックス,ふかふかダンジョン攻略記～俺の異世界転生冒険譚～（10）,ＫＡＫＥＲＵ,693,
マッグガーデン,10,BLADEコミックス,迷宮ブラックカンパニー（10）,安村洋平,715,
マッグガーデン,10,BLADEコミックス,はめつのおうこく（８）,ｙｏｒｕｈａｓｈｉ,693,
マッグガーデン,10,BLADEコミックス　pixivシリーズ,スクールゾーン（５）,ニンギヤウ,693,
マッグガーデン,14,マッグガーデンコミック　Beat’sシリーズ,妖怪めし（２）,木野麻貴子／木下昌美,704,
マッグガーデン,14,マッグガーデンコミック　Beat’sシリーズ,侯爵令嬢の借金執事（３）（完）,おおのいも／七野りくほか,715,
マッグガーデン,14,マッグガーデンコミックスEDENシリーズ,琥珀の夢で酔いましょう（６）,依田温／村野真朱,715,
マッグガーデン,15,マッグガーデンコミック　avarusシリーズ,王太子に婚約破棄されたので、もうバカのふりはやめようと思います（２）,南乃映月／狭山ひびきほか,693,
マッグガーデン,15,マッグガーデンコミック　avarusシリーズ,ベタ惚れの婚約者が悪役令嬢にされそうなので。（４）,おやまだみむ／杓子ねこ,693,
マッグガーデン,15,マッグガーデンコミック　avarusシリーズ,不遇令嬢を待っていたのは幸せな溺愛生活でした　アンソロジーコミック,アンソロジー,737,
リイド社,13,SPコミックス,劇画　鬼平犯科帳　SPECIAL EDITION（３）　平蔵、悪を斬る,さいとう・たかを／池波正太郎,790,
リイド社,13,SPコミックス,暁の犬（５）,高瀬理恵／鳥羽亮,935,
リイド社,13,SPコミックス,雑兵物語　明日はどっちへ（２）,やまさき拓味,990,
リイド社,13,SPコミックス,かきすて！（１）,艶々,660,
リイド社,13,乱コミックス,カムヤライド（８）,久正人,770,
リイド社,24,SPコミックス　ボーダーコミックス,ナニワ金融道的な日常（２）（完）,青木雄二プロダクション,770,
リイド社,27,SPコミックス,剣客商売（45）,大島やすいち／池波正太郎,690,
リイド社,30,ボーダーコミックス,箱庭組曲（１）,猫オルガン,990,
リブレ,1,秒で分かるBL,迷子とおまわりさん,黄助,790,
リブレ,9,BE×BOY COMICS DELUXE,かわいいわたしのあなた,茉白あさひな,823,
リブレ,9,BE×BOY COMICS DELUXE,ラスト・ノートが香るとき（１）,しゅがーぺろぺろ,790,
リブレ,9,BE×BOY COMICS DELUXE,リーマンラブホ男子会（２）　恋人編,すめし,790,
リブレ,9,BE×BOY COMICS DELUXE,上全（１）,ｏｚｅｔ,823,
リブレ,9,BE×BOY COMICS DELUXE,上全（２）,ｏｚｅｔ,790,
リブレ,9,BE×BOY COMICS DELUXE,口下手は恋に事故る（２）,羽毛,790,
リブレ,9,BE×BOY COMICS DELUXE,春雷とエンパシー,うにもし,823,
リブレ,9,SUPER BE×BOY COMICS,SEX PISTOLS（11）,寿たらこ,790,
リブレ,20,クロフネCOMICS くろふねピクシブシリーズ,大切を押し付けられた聖女（１）,ホームラン・拳／雪兎ざっく,798,
リブレ,20,クロフネCOMICS くろふねピクシブシリーズ,異世界の溺愛はチート級でした！？　BLアンソロジー,,963,
リブレ,22,ショコラブCOMICS,恋する前に、あまい発情。（３）　～社長と運命のオメガ～,ゆん,770,
リブレ,22,セ・キララコミックス,だったら俺に惚れてしまえ　コレクターズエディション（３）,おやぬ,1650,
リブレ,22,セ・キララコミックス,渇いた私をその愛で揺らして（８）,深海ゆゆ,770,
